STATE_NAME,rain_in_mm,year
ANDAMAN & NICOBAR ISLANDS,9.5,1997
ANDAMAN & NICOBAR ISLANDS,0,1997
ANDAMAN & NICOBAR ISLANDS,0.2,1997
ANDAMAN & NICOBAR ISLANDS,15.6,1997
ANDAMAN & NICOBAR ISLANDS,281.1,1997
ANDAMAN & NICOBAR ISLANDS,199.5,1997
ANDAMAN & NICOBAR ISLANDS,918.5,1997
ANDAMAN & NICOBAR ISLANDS,430.6,1997
ANDAMAN & NICOBAR ISLANDS,440.2,1997
ANDAMAN & NICOBAR ISLANDS,128.7,1997
ANDAMAN & NICOBAR ISLANDS,292.8,1997
ANDAMAN & NICOBAR ISLANDS,38.4,1997
ARUNACHAL PRADESH,4,1997
ARUNACHAL PRADESH,0,1997
ARUNACHAL PRADESH,0.6,1997
ARUNACHAL PRADESH,7.4,1997
ARUNACHAL PRADESH,3.3,1997
ARUNACHAL PRADESH,95.1,1997
ARUNACHAL PRADESH,449.1,1997
ARUNACHAL PRADESH,358.9,1997
ARUNACHAL PRADESH,198,1997
ARUNACHAL PRADESH,61.6,1997
ARUNACHAL PRADESH,76.4,1997
ARUNACHAL PRADESH,102.6,1997
ASSAM,11.8,1997
ASSAM,31.5,1997
ASSAM,136.8,1997
ASSAM,185.7,1997
ASSAM,250.6,1997
ASSAM,581.2,1997
ASSAM,604.4,1997
ASSAM,549.5,1997
ASSAM,212.3,1997
ASSAM,190,1997
ASSAM,48.9,1997
ASSAM,0.4,1997
NAGALAND,0,1997
NAGALAND,0,1997
NAGALAND,0,1997
NAGALAND,0,1997
NAGALAND,0,1997
NAGALAND,109.1,1997
NAGALAND,149.6,1997
NAGALAND,94.4,1997
NAGALAND,62.1,1997
NAGALAND,150,1997
NAGALAND,1.6,1997
NAGALAND,0,1997
SIKKIM,8.7,1997
SIKKIM,6.2,1997
SIKKIM,17.9,1997
SIKKIM,156,1997
SIKKIM,335.4,1997
SIKKIM,550.5,1997
SIKKIM,831.7,1997
SIKKIM,751.6,1997
SIKKIM,404.1,1997
SIKKIM,246,1997
SIKKIM,10.7,1997
SIKKIM,4.5,1997
WEST BENGAL,0,1997
WEST BENGAL,6.7,1997
WEST BENGAL,0,1997
WEST BENGAL,0.1,1997
WEST BENGAL,39.2,1997
WEST BENGAL,225.3,1997
WEST BENGAL,262.5,1997
WEST BENGAL,85.4,1997
WEST BENGAL,169,1997
WEST BENGAL,177.6,1997
WEST BENGAL,0,1997
WEST BENGAL,0,1997
ORISSA,0.9,1997
ORISSA,33.3,1997
ORISSA,1.1,1997
ORISSA,21.3,1997
ORISSA,74.7,1997
ORISSA,233.7,1997
ORISSA,272.3,1997
ORISSA,273.6,1997
ORISSA,158,1997
ORISSA,26.6,1997
ORISSA,1.6,1997
ORISSA,0.1,1997
JHARKHAND,0.1,1997
JHARKHAND,16.4,1997
JHARKHAND,0.1,1997
JHARKHAND,0.1,1997
JHARKHAND,28.8,1997
JHARKHAND,235.9,1997
JHARKHAND,472.1,1997
JHARKHAND,286.2,1997
JHARKHAND,54,1997
JHARKHAND,11,1997
JHARKHAND,0,1997
JHARKHAND,0.5,1997
BIHAR,1,1997
BIHAR,0.5,1997
BIHAR,3,1997
BIHAR,12.6,1997
BIHAR,98.4,1997
BIHAR,224.4,1997
BIHAR,224.7,1997
BIHAR,225.9,1997
BIHAR,274.8,1997
BIHAR,181.3,1997
BIHAR,0.5,1997
BIHAR,0,1997
UTTAR PRADESH,4.6,1997
UTTAR PRADESH,3.8,1997
UTTAR PRADESH,20,1997
UTTAR PRADESH,54.1,1997
UTTAR PRADESH,50.8,1997
UTTAR PRADESH,117.2,1997
UTTAR PRADESH,123,1997
UTTAR PRADESH,170.7,1997
UTTAR PRADESH,187.2,1997
UTTAR PRADESH,196,1997
UTTAR PRADESH,78,1997
UTTAR PRADESH,4.1,1997
UTTAR PRADESH,16.8,1997
UTTAR PRADESH,37.6,1997
UTTAR PRADESH,2,1997
UTTAR PRADESH,0.7,1997
UTTAR PRADESH,21.5,1997
UTTAR PRADESH,29,1997
UTTAR PRADESH,29.6,1997
UTTAR PRADESH,252.3,1997
UTTAR PRADESH,218.1,1997
UTTAR PRADESH,6.7,1997
UTTAR PRADESH,0.4,1997
UTTAR PRADESH,10.5,1997
UTTARAKHAND,25.6,1997
UTTARAKHAND,3.2,1997
UTTARAKHAND,7.7,1997
UTTARAKHAND,17.5,1997
UTTARAKHAND,55,1997
UTTARAKHAND,90.8,1997
UTTARAKHAND,42.9,1997
UTTARAKHAND,69.8,1997
UTTARAKHAND,78.2,1997
UTTARAKHAND,167.5,1997
UTTARAKHAND,44.2,1997
UTTARAKHAND,12.9,1997
HARYANA,14.7,1997
HARYANA,29.9,1997
HARYANA,4,1997
HARYANA,1.8,1997
HARYANA,7.5,1997
HARYANA,26.6,1997
HARYANA,277.6,1997
HARYANA,165.3,1997
HARYANA,58.9,1997
HARYANA,0,1997
HARYANA,0.1,1997
HARYANA,11,1997
PUNJAB,0.1,1997
PUNJAB,3.6,1997
PUNJAB,8.4,1997
PUNJAB,37.3,1997
PUNJAB,10.2,1997
PUNJAB,973.8,1997
PUNJAB,970.6,1997
PUNJAB,637.5,1997
PUNJAB,236,1997
PUNJAB,183.7,1997
PUNJAB,10.7,1997
PUNJAB,0,1997
HIMACHAL PRADESH,86.2,1997
HIMACHAL PRADESH,43,1997
HIMACHAL PRADESH,5.9,1997
HIMACHAL PRADESH,54.7,1997
HIMACHAL PRADESH,57.6,1997
HIMACHAL PRADESH,76.1,1997
HIMACHAL PRADESH,141.3,1997
HIMACHAL PRADESH,202.5,1997
HIMACHAL PRADESH,47.6,1997
HIMACHAL PRADESH,104.7,1997
HIMACHAL PRADESH,9.3,1997
HIMACHAL PRADESH,49.4,1997
JAMMU & KASHMIR,9.1,1997
JAMMU & KASHMIR,12.8,1997
JAMMU & KASHMIR,16.4,1997
JAMMU & KASHMIR,62.2,1997
JAMMU & KASHMIR,180.2,1997
JAMMU & KASHMIR,196.6,1997
JAMMU & KASHMIR,191.7,1997
JAMMU & KASHMIR,211.1,1997
JAMMU & KASHMIR,117.5,1997
JAMMU & KASHMIR,101.5,1997
JAMMU & KASHMIR,24,1997
JAMMU & KASHMIR,10.4,1997
RAJASTHAN,1.4,1997
RAJASTHAN,14.2,1997
RAJASTHAN,8.7,1997
RAJASTHAN,6.3,1997
RAJASTHAN,14.5,1997
RAJASTHAN,29.2,1997
RAJASTHAN,86.1,1997
RAJASTHAN,24.3,1997
RAJASTHAN,75.8,1997
RAJASTHAN,0,1997
RAJASTHAN,0.1,1997
RAJASTHAN,0,1997
RAJASTHAN,17.6,1997
RAJASTHAN,11.1,1997
RAJASTHAN,0,1997
RAJASTHAN,37,1997
RAJASTHAN,92.8,1997
RAJASTHAN,248.5,1997
RAJASTHAN,378.9,1997
RAJASTHAN,102.4,1997
RAJASTHAN,278,1997
RAJASTHAN,164.2,1997
RAJASTHAN,218.3,1997
RAJASTHAN,26.6,1997
MADHYA PRADESH,0,1997
MADHYA PRADESH,0,1997
MADHYA PRADESH,44.3,1997
MADHYA PRADESH,3.3,1997
MADHYA PRADESH,22.8,1997
MADHYA PRADESH,74.5,1997
MADHYA PRADESH,299,1997
MADHYA PRADESH,501.9,1997
MADHYA PRADESH,198.1,1997
MADHYA PRADESH,13.7,1997
MADHYA PRADESH,8.6,1997
MADHYA PRADESH,3,1997
MADHYA PRADESH,13.4,1997
MADHYA PRADESH,97.4,1997
MADHYA PRADESH,48.1,1997
MADHYA PRADESH,292.4,1997
MADHYA PRADESH,250.4,1997
MADHYA PRADESH,530.2,1997
MADHYA PRADESH,761,1997
MADHYA PRADESH,364.6,1997
MADHYA PRADESH,529.3,1997
MADHYA PRADESH,102.6,1997
MADHYA PRADESH,24.3,1997
MADHYA PRADESH,6.9,1997
GUJARAT,0.1,1997
GUJARAT,0.4,1997
GUJARAT,0,1997
GUJARAT,0,1997
GUJARAT,0.3,1997
GUJARAT,94,1997
GUJARAT,567.8,1997
GUJARAT,345.6,1997
GUJARAT,169.4,1997
GUJARAT,0,1997
GUJARAT,1.4,1997
GUJARAT,0,1997
GUJARAT,30.7,1997
GUJARAT,13.8,1997
GUJARAT,49.6,1997
GUJARAT,54.9,1997
GUJARAT,200.8,1997
GUJARAT,327.4,1997
GUJARAT,333.3,1997
GUJARAT,358.6,1997
GUJARAT,223.7,1997
GUJARAT,150.2,1997
GUJARAT,4.7,1997
GUJARAT,1.2,1997
GOA,0,1997
GOA,0.1,1997
GOA,31.5,1997
GOA,0.3,1997
GOA,11.1,1997
GOA,798.5,1997
GOA,766.6,1997
GOA,833.1,1997
GOA,551.2,1997
GOA,57.3,1997
GOA,0.9,1997
GOA,2.4,1997
MAHARASHTRA,2.4,1997
MAHARASHTRA,1.4,1997
MAHARASHTRA,17.9,1997
MAHARASHTRA,2.6,1997
MAHARASHTRA,229,1997
MAHARASHTRA,69.7,1997
MAHARASHTRA,277.6,1997
MAHARASHTRA,332.7,1997
MAHARASHTRA,294.6,1997
MAHARASHTRA,77.3,1997
MAHARASHTRA,9.4,1997
MAHARASHTRA,0.3,1997
MAHARASHTRA,0,1997
MAHARASHTRA,0,1997
MAHARASHTRA,0.6,1997
MAHARASHTRA,0.8,1997
MAHARASHTRA,7,1997
MAHARASHTRA,63.1,1997
MAHARASHTRA,139.2,1997
MAHARASHTRA,167.6,1997
MAHARASHTRA,159.9,1997
MAHARASHTRA,59,1997
MAHARASHTRA,63.3,1997
MAHARASHTRA,8.4,1997
MAHARASHTRA,0.2,1997
MAHARASHTRA,2.3,1997
MAHARASHTRA,0.9,1997
MAHARASHTRA,6.3,1997
MAHARASHTRA,29.2,1997
MAHARASHTRA,92.6,1997
MAHARASHTRA,170.2,1997
MAHARASHTRA,155.1,1997
MAHARASHTRA,160.5,1997
MAHARASHTRA,55.1,1997
MAHARASHTRA,4.7,1997
MAHARASHTRA,20,1997
CHHATTISGARH,7.9,1997
CHHATTISGARH,4.9,1997
CHHATTISGARH,1,1997
CHHATTISGARH,5.9,1997
CHHATTISGARH,12.6,1997
CHHATTISGARH,102.6,1997
CHHATTISGARH,426.8,1997
CHHATTISGARH,340.3,1997
CHHATTISGARH,302.5,1997
CHHATTISGARH,54.3,1997
CHHATTISGARH,20.2,1997
CHHATTISGARH,27.6,1997
ANDHRA PRADESH,1,1997
ANDHRA PRADESH,2.7,1997
ANDHRA PRADESH,1.6,1997
ANDHRA PRADESH,2.9,1997
ANDHRA PRADESH,32.2,1997
ANDHRA PRADESH,163.8,1997
ANDHRA PRADESH,197.9,1997
ANDHRA PRADESH,232.1,1997
ANDHRA PRADESH,146.4,1997
ANDHRA PRADESH,0.6,1997
ANDHRA PRADESH,0,1997
ANDHRA PRADESH,0,1997
TELANGANA,0,1997
TELANGANA,11.9,1997
TELANGANA,2.6,1997
TELANGANA,25.6,1997
TELANGANA,9.3,1997
TELANGANA,83.9,1997
TELANGANA,268.2,1997
TELANGANA,225.9,1997
TELANGANA,107.6,1997
TELANGANA,13.9,1997
TELANGANA,4.2,1997
TELANGANA,0,1997
RAYALSEEMA,38.8,1997
RAYALSEEMA,11.9,1997
RAYALSEEMA,28.1,1997
RAYALSEEMA,39.2,1997
RAYALSEEMA,9.1,1997
RAYALSEEMA,46,1997
RAYALSEEMA,387.1,1997
RAYALSEEMA,419.5,1997
RAYALSEEMA,220.6,1997
RAYALSEEMA,4.7,1997
RAYALSEEMA,3.4,1997
RAYALSEEMA,15.5,1997
TAMIL NADU,3,1997
TAMIL NADU,0.1,1997
TAMIL NADU,2.5,1997
TAMIL NADU,35.5,1997
TAMIL NADU,41.9,1997
TAMIL NADU,30.1,1997
TAMIL NADU,46.5,1997
TAMIL NADU,98,1997
TAMIL NADU,84.9,1997
TAMIL NADU,235.2,1997
TAMIL NADU,44.5,1997
TAMIL NADU,14,1997
KARNATAKA,9.3,1997
KARNATAKA,50.1,1997
KARNATAKA,11.6,1997
KARNATAKA,3.4,1997
KARNATAKA,3.6,1997
KARNATAKA,120.3,1997
KARNATAKA,117.9,1997
KARNATAKA,217.1,1997
KARNATAKA,24.4,1997
KARNATAKA,16.2,1997
KARNATAKA,6.1,1997
KARNATAKA,6.6,1997
KARNATAKA,1.2,1997
KARNATAKA,6.1,1997
KARNATAKA,3,1997
KARNATAKA,25.4,1997
KARNATAKA,47.4,1997
KARNATAKA,99.4,1997
KARNATAKA,160.7,1997
KARNATAKA,73.9,1997
KARNATAKA,201,1997
KARNATAKA,101,1997
KARNATAKA,4.2,1997
KARNATAKA,0.1,1997
KARNATAKA,75.8,1997
KARNATAKA,64,1997
KARNATAKA,153.1,1997
KARNATAKA,76.1,1997
KARNATAKA,52.7,1997
KARNATAKA,25.3,1997
KARNATAKA,100.5,1997
KARNATAKA,134.6,1997
KARNATAKA,362.8,1997
KARNATAKA,32.2,1997
KARNATAKA,14.1,1997
KARNATAKA,2.3,1997
KERALA,4.6,1997
KERALA,10.3,1997
KERALA,17.9,1997
KERALA,95.7,1997
KERALA,251,1997
KERALA,454.4,1997
KERALA,677.8,1997
KERALA,733.9,1997
KERALA,298.8,1997
KERALA,355.5,1997
KERALA,99.5,1997
KERALA,47.2,1997
LAKSHADWEEP,12.1,1997
LAKSHADWEEP,0.1,1997
LAKSHADWEEP,55.9,1997
LAKSHADWEEP,15.9,1997
LAKSHADWEEP,3.5,1997
LAKSHADWEEP,96.4,1997
LAKSHADWEEP,297.6,1997
LAKSHADWEEP,142.8,1997
LAKSHADWEEP,20.1,1997
LAKSHADWEEP,5,1997
LAKSHADWEEP,0.5,1997
LAKSHADWEEP,0.8,1997
ANDAMAN & NICOBAR ISLANDS,26.2,1998
ANDAMAN & NICOBAR ISLANDS,68.5,1998
ANDAMAN & NICOBAR ISLANDS,158.5,1998
ANDAMAN & NICOBAR ISLANDS,94.7,1998
ANDAMAN & NICOBAR ISLANDS,212.6,1998
ANDAMAN & NICOBAR ISLANDS,548,1998
ANDAMAN & NICOBAR ISLANDS,395.2,1998
ANDAMAN & NICOBAR ISLANDS,237,1998
ANDAMAN & NICOBAR ISLANDS,403.5,1998
ANDAMAN & NICOBAR ISLANDS,58.5,1998
ANDAMAN & NICOBAR ISLANDS,45.9,1998
ANDAMAN & NICOBAR ISLANDS,26.3,1998
ARUNACHAL PRADESH,0.7,1998
ARUNACHAL PRADESH,0,1998
ARUNACHAL PRADESH,0.2,1998
ARUNACHAL PRADESH,3.3,1998
ARUNACHAL PRADESH,3.6,1998
ARUNACHAL PRADESH,355.3,1998
ARUNACHAL PRADESH,241.9,1998
ARUNACHAL PRADESH,358,1998
ARUNACHAL PRADESH,96.1,1998
ARUNACHAL PRADESH,8.1,1998
ARUNACHAL PRADESH,0.9,1998
ARUNACHAL PRADESH,0.9,1998
ASSAM,28.1,1998
ASSAM,31.6,1998
ASSAM,136.4,1998
ASSAM,164.6,1998
ASSAM,352.2,1998
ASSAM,297.6,1998
ASSAM,480.6,1998
ASSAM,367.3,1998
ASSAM,222.3,1998
ASSAM,97.9,1998
ASSAM,46.5,1998
ASSAM,0.3,1998
NAGALAND,0,1998
NAGALAND,0,1998
NAGALAND,0,1998
NAGALAND,0,1998
NAGALAND,9.7,1998
NAGALAND,671.3,1998
NAGALAND,909.1,1998
NAGALAND,758.3,1998
NAGALAND,561.8,1998
NAGALAND,280,1998
NAGALAND,44.3,1998
NAGALAND,0.1,1998
SIKKIM,0.1,1998
SIKKIM,0.7,1998
SIKKIM,1.6,1998
SIKKIM,10.5,1998
SIKKIM,217.9,1998
SIKKIM,268.8,1998
SIKKIM,405.2,1998
SIKKIM,375.4,1998
SIKKIM,467.8,1998
SIKKIM,195.3,1998
SIKKIM,13.7,1998
SIKKIM,0,1998
WEST BENGAL,0,1998
WEST BENGAL,6,1998
WEST BENGAL,0.1,1998
WEST BENGAL,0,1998
WEST BENGAL,17.9,1998
WEST BENGAL,141.5,1998
WEST BENGAL,133.3,1998
WEST BENGAL,133.4,1998
WEST BENGAL,215.4,1998
WEST BENGAL,119.9,1998
WEST BENGAL,0,1998
WEST BENGAL,0,1998
ORISSA,3.6,1998
ORISSA,21.2,1998
ORISSA,6.3,1998
ORISSA,19.6,1998
ORISSA,67.7,1998
ORISSA,185.3,1998
ORISSA,358.4,1998
ORISSA,152.8,1998
ORISSA,356.9,1998
ORISSA,19.1,1998
ORISSA,0.4,1998
ORISSA,0.2,1998
JHARKHAND,2.6,1998
JHARKHAND,0,1998
JHARKHAND,0.6,1998
JHARKHAND,1.5,1998
JHARKHAND,9.3,1998
JHARKHAND,180.7,1998
JHARKHAND,322.4,1998
JHARKHAND,215.6,1998
JHARKHAND,169.1,1998
JHARKHAND,4.3,1998
JHARKHAND,0.2,1998
JHARKHAND,0.1,1998
BIHAR,1.1,1998
BIHAR,1.4,1998
BIHAR,1.3,1998
BIHAR,4.2,1998
BIHAR,26.7,1998
BIHAR,229,1998
BIHAR,294,1998
BIHAR,185.9,1998
BIHAR,152.1,1998
BIHAR,75.3,1998
BIHAR,2.8,1998
BIHAR,0,1998
UTTAR PRADESH,8.5,1998
UTTAR PRADESH,0,1998
UTTAR PRADESH,21.5,1998
UTTAR PRADESH,37.3,1998
UTTAR PRADESH,7.5,1998
UTTAR PRADESH,183.9,1998
UTTAR PRADESH,123.8,1998
UTTAR PRADESH,266.8,1998
UTTAR PRADESH,119.9,1998
UTTAR PRADESH,135.6,1998
UTTAR PRADESH,17.4,1998
UTTAR PRADESH,0,1998
UTTAR PRADESH,53.8,1998
UTTAR PRADESH,123.2,1998
UTTAR PRADESH,100,1998
UTTAR PRADESH,76.3,1998
UTTAR PRADESH,82.3,1998
UTTAR PRADESH,139.6,1998
UTTAR PRADESH,205.7,1998
UTTAR PRADESH,465.4,1998
UTTAR PRADESH,301.3,1998
UTTAR PRADESH,19.9,1998
UTTAR PRADESH,3,1998
UTTAR PRADESH,4.2,1998
UTTARAKHAND,2.9,1998
UTTARAKHAND,22.1,1998
UTTARAKHAND,3.9,1998
UTTARAKHAND,9.2,1998
UTTARAKHAND,32.6,1998
UTTARAKHAND,23.7,1998
UTTARAKHAND,11.8,1998
UTTARAKHAND,26.5,1998
UTTARAKHAND,32.2,1998
UTTARAKHAND,93.7,1998
UTTARAKHAND,47.2,1998
UTTARAKHAND,12.2,1998
HARYANA,10.6,1998
HARYANA,56.4,1998
HARYANA,19.4,1998
HARYANA,3,1998
HARYANA,3.9,1998
HARYANA,40.7,1998
HARYANA,136.7,1998
HARYANA,94.7,1998
HARYANA,52.2,1998
HARYANA,0,1998
HARYANA,2.2,1998
HARYANA,5,1998
PUNJAB,0.3,1998
PUNJAB,1.5,1998
PUNJAB,15.2,1998
PUNJAB,24.9,1998
PUNJAB,3.5,1998
PUNJAB,66.9,1998
PUNJAB,94.4,1998
PUNJAB,104,1998
PUNJAB,64.3,1998
PUNJAB,92.1,1998
PUNJAB,4.2,1998
PUNJAB,2.2,1998
HIMACHAL PRADESH,176,1998
HIMACHAL PRADESH,70.6,1998
HIMACHAL PRADESH,21.2,1998
HIMACHAL PRADESH,118.9,1998
HIMACHAL PRADESH,87.5,1998
HIMACHAL PRADESH,95.2,1998
HIMACHAL PRADESH,118,1998
HIMACHAL PRADESH,77.9,1998
HIMACHAL PRADESH,40.5,1998
HIMACHAL PRADESH,73.3,1998
HIMACHAL PRADESH,23.3,1998
HIMACHAL PRADESH,42.4,1998
JAMMU & KASHMIR,2.4,1998
JAMMU & KASHMIR,8.1,1998
JAMMU & KASHMIR,37.9,1998
JAMMU & KASHMIR,113.2,1998
JAMMU & KASHMIR,610.9,1998
JAMMU & KASHMIR,673.4,1998
JAMMU & KASHMIR,385.4,1998
JAMMU & KASHMIR,417.9,1998
JAMMU & KASHMIR,192.8,1998
JAMMU & KASHMIR,320.6,1998
JAMMU & KASHMIR,120.7,1998
JAMMU & KASHMIR,2.7,1998
RAJASTHAN,0.4,1998
RAJASTHAN,3.6,1998
RAJASTHAN,5.7,1998
RAJASTHAN,6.2,1998
RAJASTHAN,4.8,1998
RAJASTHAN,55.6,1998
RAJASTHAN,239,1998
RAJASTHAN,80,1998
RAJASTHAN,172.5,1998
RAJASTHAN,0,1998
RAJASTHAN,0,1998
RAJASTHAN,0,1998
RAJASTHAN,16.3,1998
RAJASTHAN,14.4,1998
RAJASTHAN,48.9,1998
RAJASTHAN,163.7,1998
RAJASTHAN,321.4,1998
RAJASTHAN,366,1998
RAJASTHAN,182.7,1998
RAJASTHAN,219.6,1998
RAJASTHAN,546.5,1998
RAJASTHAN,374.7,1998
RAJASTHAN,76.1,1998
RAJASTHAN,74.4,1998
MADHYA PRADESH,0,1998
MADHYA PRADESH,0,1998
MADHYA PRADESH,50.3,1998
MADHYA PRADESH,14.2,1998
MADHYA PRADESH,18,1998
MADHYA PRADESH,56.3,1998
MADHYA PRADESH,373.8,1998
MADHYA PRADESH,328.3,1998
MADHYA PRADESH,74.1,1998
MADHYA PRADESH,13,1998
MADHYA PRADESH,12.3,1998
MADHYA PRADESH,3,1998
MADHYA PRADESH,1.5,1998
MADHYA PRADESH,73.7,1998
MADHYA PRADESH,23.5,1998
MADHYA PRADESH,242.7,1998
MADHYA PRADESH,219.8,1998
MADHYA PRADESH,489.7,1998
MADHYA PRADESH,682.7,1998
MADHYA PRADESH,308,1998
MADHYA PRADESH,494.7,1998
MADHYA PRADESH,164.7,1998
MADHYA PRADESH,47.7,1998
MADHYA PRADESH,4,1998
GUJARAT,0,1998
GUJARAT,1.9,1998
GUJARAT,0.1,1998
GUJARAT,0,1998
GUJARAT,0.2,1998
GUJARAT,114.1,1998
GUJARAT,209.2,1998
GUJARAT,405.4,1998
GUJARAT,157,1998
GUJARAT,1.7,1998
GUJARAT,1.2,1998
GUJARAT,0,1998
GUJARAT,33.2,1998
GUJARAT,22.1,1998
GUJARAT,79.8,1998
GUJARAT,141.8,1998
GUJARAT,171.4,1998
GUJARAT,526.5,1998
GUJARAT,657.7,1998
GUJARAT,636.3,1998
GUJARAT,296.7,1998
GUJARAT,97.9,1998
GUJARAT,16.9,1998
GUJARAT,9.5,1998
GOA,0,1998
GOA,0,1998
GOA,18.1,1998
GOA,0.6,1998
GOA,1.1,1998
GOA,107.9,1998
GOA,157.9,1998
GOA,257.6,1998
GOA,312.4,1998
GOA,56.6,1998
GOA,3.7,1998
GOA,0.9,1998
MAHARASHTRA,1.9,1998
MAHARASHTRA,0.5,1998
MAHARASHTRA,2.7,1998
MAHARASHTRA,1.1,1998
MAHARASHTRA,68.2,1998
MAHARASHTRA,87.3,1998
MAHARASHTRA,586,1998
MAHARASHTRA,286.9,1998
MAHARASHTRA,162.5,1998
MAHARASHTRA,105.8,1998
MAHARASHTRA,27.3,1998
MAHARASHTRA,0.1,1998
MAHARASHTRA,0.1,1998
MAHARASHTRA,0,1998
MAHARASHTRA,0.9,1998
MAHARASHTRA,2.4,1998
MAHARASHTRA,5.9,1998
MAHARASHTRA,78.1,1998
MAHARASHTRA,310.8,1998
MAHARASHTRA,175.4,1998
MAHARASHTRA,90.3,1998
MAHARASHTRA,41.9,1998
MAHARASHTRA,63.8,1998
MAHARASHTRA,1.2,1998
MAHARASHTRA,0.1,1998
MAHARASHTRA,1.1,1998
MAHARASHTRA,0.2,1998
MAHARASHTRA,6.5,1998
MAHARASHTRA,44.4,1998
MAHARASHTRA,80.9,1998
MAHARASHTRA,191.2,1998
MAHARASHTRA,158.4,1998
MAHARASHTRA,105.7,1998
MAHARASHTRA,33.6,1998
MAHARASHTRA,5,1998
MAHARASHTRA,2.1,1998
CHHATTISGARH,21.8,1998
CHHATTISGARH,2.3,1998
CHHATTISGARH,4.4,1998
CHHATTISGARH,14.8,1998
CHHATTISGARH,162,1998
CHHATTISGARH,156.1,1998
CHHATTISGARH,318.9,1998
CHHATTISGARH,248.6,1998
CHHATTISGARH,230.5,1998
CHHATTISGARH,204,1998
CHHATTISGARH,210.9,1998
CHHATTISGARH,138.2,1998
ANDHRA PRADESH,2.1,1998
ANDHRA PRADESH,10.4,1998
ANDHRA PRADESH,3.9,1998
ANDHRA PRADESH,2.8,1998
ANDHRA PRADESH,29.6,1998
ANDHRA PRADESH,175.9,1998
ANDHRA PRADESH,215.9,1998
ANDHRA PRADESH,232.3,1998
ANDHRA PRADESH,101.7,1998
ANDHRA PRADESH,0.7,1998
ANDHRA PRADESH,0.5,1998
ANDHRA PRADESH,1.5,1998
TELANGANA,0.8,1998
TELANGANA,12.1,1998
TELANGANA,0,1998
TELANGANA,34.6,1998
TELANGANA,33,1998
TELANGANA,44.5,1998
TELANGANA,128.9,1998
TELANGANA,163.6,1998
TELANGANA,71.2,1998
TELANGANA,107.5,1998
TELANGANA,106.9,1998
TELANGANA,35.1,1998
RAYALSEEMA,8.2,1998
RAYALSEEMA,0.2,1998
RAYALSEEMA,0.1,1998
RAYALSEEMA,11.8,1998
RAYALSEEMA,3.8,1998
RAYALSEEMA,5.3,1998
RAYALSEEMA,68.1,1998
RAYALSEEMA,196.6,1998
RAYALSEEMA,90.7,1998
RAYALSEEMA,2.4,1998
RAYALSEEMA,0.6,1998
RAYALSEEMA,3.5,1998
TAMIL NADU,NA,1998
TAMIL NADU,11.4,1998
TAMIL NADU,5.1,1998
TAMIL NADU,77,1998
TAMIL NADU,22.9,1998
TAMIL NADU,650.9,1998
TAMIL NADU,754.6,1998
TAMIL NADU,1027.6,1998
TAMIL NADU,382,1998
TAMIL NADU,115.1,1998
TAMIL NADU,68,1998
TAMIL NADU,3.6,1998
KARNATAKA,79.9,1998
KARNATAKA,182.6,1998
KARNATAKA,76.6,1998
KARNATAKA,28.9,1998
KARNATAKA,32.6,1998
KARNATAKA,233.6,1998
KARNATAKA,208.8,1998
KARNATAKA,240,1998
KARNATAKA,65.8,1998
KARNATAKA,21.8,1998
KARNATAKA,16.6,1998
KARNATAKA,24.8,1998
KARNATAKA,0.5,1998
KARNATAKA,10.1,1998
KARNATAKA,11.7,1998
KARNATAKA,34.6,1998
KARNATAKA,95.6,1998
KARNATAKA,176.2,1998
KARNATAKA,307.4,1998
KARNATAKA,151.7,1998
KARNATAKA,191.8,1998
KARNATAKA,103.7,1998
KARNATAKA,24.9,1998
KARNATAKA,2.4,1998
KARNATAKA,0.8,1998
KARNATAKA,2.2,1998
KARNATAKA,4.7,1998
KARNATAKA,8.4,1998
KARNATAKA,23,1998
KARNATAKA,13.8,1998
KARNATAKA,94.3,1998
KARNATAKA,69.6,1998
KARNATAKA,84.9,1998
KARNATAKA,0.5,1998
KARNATAKA,0.2,1998
KARNATAKA,0,1998
KERALA,53.2,1998
KERALA,16.1,1998
KERALA,4.4,1998
KERALA,14.9,1998
KERALA,57.4,1998
KERALA,244.1,1998
KERALA,116.1,1998
KERALA,466.1,1998
KERALA,132.2,1998
KERALA,169.2,1998
KERALA,59,1998
KERALA,62.3,1998
LAKSHADWEEP,40.2,1998
LAKSHADWEEP,6.4,1998
LAKSHADWEEP,53.5,1998
LAKSHADWEEP,13.3,1998
LAKSHADWEEP,2,1998
LAKSHADWEEP,154.1,1998
LAKSHADWEEP,428.2,1998
LAKSHADWEEP,276.6,1998
LAKSHADWEEP,55.6,1998
LAKSHADWEEP,11,1998
LAKSHADWEEP,0.3,1998
LAKSHADWEEP,1,1998
ANDAMAN & NICOBAR ISLANDS,18.2,1999
ANDAMAN & NICOBAR ISLANDS,40.7,1999
ANDAMAN & NICOBAR ISLANDS,91.8,1999
ANDAMAN & NICOBAR ISLANDS,131.9,1999
ANDAMAN & NICOBAR ISLANDS,241.8,1999
ANDAMAN & NICOBAR ISLANDS,569.9,1999
ANDAMAN & NICOBAR ISLANDS,511.2,1999
ANDAMAN & NICOBAR ISLANDS,315.5,1999
ANDAMAN & NICOBAR ISLANDS,366.8,1999
ANDAMAN & NICOBAR ISLANDS,36.4,1999
ANDAMAN & NICOBAR ISLANDS,12.6,1999
ANDAMAN & NICOBAR ISLANDS,35.4,1999
ARUNACHAL PRADESH,0.8,1999
ARUNACHAL PRADESH,0,1999
ARUNACHAL PRADESH,0.6,1999
ARUNACHAL PRADESH,0.3,1999
ARUNACHAL PRADESH,3,1999
ARUNACHAL PRADESH,189.8,1999
ARUNACHAL PRADESH,137.4,1999
ARUNACHAL PRADESH,95.7,1999
ARUNACHAL PRADESH,170.7,1999
ARUNACHAL PRADESH,1.9,1999
ARUNACHAL PRADESH,0,1999
ARUNACHAL PRADESH,0,1999
ASSAM,13.6,1999
ASSAM,37,1999
ASSAM,125.1,1999
ASSAM,154.1,1999
ASSAM,254.2,1999
ASSAM,653,1999
ASSAM,854.6,1999
ASSAM,860.4,1999
ASSAM,478.9,1999
ASSAM,209.1,1999
ASSAM,13.1,1999
ASSAM,2.1,1999
NAGALAND,0.2,1999
NAGALAND,0,1999
NAGALAND,0.6,1999
NAGALAND,2.5,1999
NAGALAND,18.4,1999
NAGALAND,147.1,1999
NAGALAND,264.1,1999
NAGALAND,226.4,1999
NAGALAND,257.2,1999
NAGALAND,162.5,1999
NAGALAND,22.1,1999
NAGALAND,0,1999
SIKKIM,0.1,1999
SIKKIM,0.7,1999
SIKKIM,0.9,1999
SIKKIM,3.2,1999
SIKKIM,164.8,1999
SIKKIM,222.9,1999
SIKKIM,270.2,1999
SIKKIM,325.9,1999
SIKKIM,266.4,1999
SIKKIM,215.4,1999
SIKKIM,13.9,1999
SIKKIM,0,1999
WEST BENGAL,0.2,1999
WEST BENGAL,20.9,1999
WEST BENGAL,0.2,1999
WEST BENGAL,0,1999
WEST BENGAL,33.3,1999
WEST BENGAL,228.8,1999
WEST BENGAL,234,1999
WEST BENGAL,294.1,1999
WEST BENGAL,248,1999
WEST BENGAL,105.5,1999
WEST BENGAL,0,1999
WEST BENGAL,0,1999
ORISSA,0.5,1999
ORISSA,12.1,1999
ORISSA,3.6,1999
ORISSA,37.2,1999
ORISSA,96.2,1999
ORISSA,267.2,1999
ORISSA,264.3,1999
ORISSA,201.4,1999
ORISSA,314.8,1999
ORISSA,9.6,1999
ORISSA,0,1999
ORISSA,0.1,1999
JHARKHAND,0.1,1999
JHARKHAND,42.4,1999
JHARKHAND,0.7,1999
JHARKHAND,19.1,1999
JHARKHAND,68.4,1999
JHARKHAND,200.5,1999
JHARKHAND,154.1,1999
JHARKHAND,311.5,1999
JHARKHAND,102.9,1999
JHARKHAND,69.6,1999
JHARKHAND,10.6,1999
JHARKHAND,12.4,1999
BIHAR,2.5,1999
BIHAR,2.3,1999
BIHAR,2.6,1999
BIHAR,12,1999
BIHAR,29.6,1999
BIHAR,164.4,1999
BIHAR,282,1999
BIHAR,122.1,1999
BIHAR,26.7,1999
BIHAR,16.3,1999
BIHAR,1.1,1999
BIHAR,0.1,1999
UTTAR PRADESH,7.7,1999
UTTAR PRADESH,0,1999
UTTAR PRADESH,6.5,1999
UTTAR PRADESH,68.2,1999
UTTAR PRADESH,24.5,1999
UTTAR PRADESH,24,1999
UTTAR PRADESH,70.1,1999
UTTAR PRADESH,95.8,1999
UTTAR PRADESH,195.5,1999
UTTAR PRADESH,352.5,1999
UTTAR PRADESH,41.7,1999
UTTAR PRADESH,38.1,1999
UTTAR PRADESH,11.6,1999
UTTAR PRADESH,31.1,1999
UTTAR PRADESH,9,1999
UTTAR PRADESH,1.1,1999
UTTAR PRADESH,52,1999
UTTAR PRADESH,21.2,1999
UTTAR PRADESH,19.4,1999
UTTAR PRADESH,78.2,1999
UTTAR PRADESH,123,1999
UTTAR PRADESH,1.9,1999
UTTAR PRADESH,0,1999
UTTAR PRADESH,8.8,1999
UTTARAKHAND,0.6,1999
UTTARAKHAND,11.2,1999
UTTARAKHAND,0.5,1999
UTTARAKHAND,30.9,1999
UTTARAKHAND,164,1999
UTTARAKHAND,764.5,1999
UTTARAKHAND,545.7,1999
UTTARAKHAND,731.3,1999
UTTARAKHAND,163.5,1999
UTTARAKHAND,360,1999
UTTARAKHAND,20.7,1999
UTTARAKHAND,0.3,1999
HARYANA,39.5,1999
HARYANA,116.6,1999
HARYANA,113,1999
HARYANA,52.9,1999
HARYANA,35.9,1999
HARYANA,61.4,1999
HARYANA,187.7,1999
HARYANA,228.7,1999
HARYANA,135.5,1999
HARYANA,0.3,1999
HARYANA,22.5,1999
HARYANA,40.4,1999
PUNJAB,0.1,1999
PUNJAB,4.2,1999
PUNJAB,20.1,1999
PUNJAB,36.4,1999
PUNJAB,9.6,1999
PUNJAB,118.2,1999
PUNJAB,162.5,1999
PUNJAB,152.2,1999
PUNJAB,51.9,1999
PUNJAB,192.4,1999
PUNJAB,11.5,1999
PUNJAB,3.6,1999
HIMACHAL PRADESH,2.4,1999
HIMACHAL PRADESH,0,1999
HIMACHAL PRADESH,0,1999
HIMACHAL PRADESH,4.8,1999
HIMACHAL PRADESH,6,1999
HIMACHAL PRADESH,33.5,1999
HIMACHAL PRADESH,26.9,1999
HIMACHAL PRADESH,94.3,1999
HIMACHAL PRADESH,8.6,1999
HIMACHAL PRADESH,18.7,1999
HIMACHAL PRADESH,0,1999
HIMACHAL PRADESH,1.6,1999
JAMMU & KASHMIR,7.2,1999
JAMMU & KASHMIR,1.5,1999
JAMMU & KASHMIR,1.9,1999
JAMMU & KASHMIR,7.7,1999
JAMMU & KASHMIR,330.2,1999
JAMMU & KASHMIR,251.2,1999
JAMMU & KASHMIR,280.8,1999
JAMMU & KASHMIR,169.5,1999
JAMMU & KASHMIR,200,1999
JAMMU & KASHMIR,193.4,1999
JAMMU & KASHMIR,107.6,1999
JAMMU & KASHMIR,2.2,1999
RAJASTHAN,13.7,1999
RAJASTHAN,3.1,1999
RAJASTHAN,12.3,1999
RAJASTHAN,6.1,1999
RAJASTHAN,1.9,1999
RAJASTHAN,81.2,1999
RAJASTHAN,345.7,1999
RAJASTHAN,130.5,1999
RAJASTHAN,155.1,1999
RAJASTHAN,1.3,1999
RAJASTHAN,0,1999
RAJASTHAN,1.4,1999
RAJASTHAN,6,1999
RAJASTHAN,103.7,1999
RAJASTHAN,63.3,1999
RAJASTHAN,202.7,1999
RAJASTHAN,321.7,1999
RAJASTHAN,520.4,1999
RAJASTHAN,382.2,1999
RAJASTHAN,227.6,1999
RAJASTHAN,263.2,1999
RAJASTHAN,77.2,1999
RAJASTHAN,69.7,1999
RAJASTHAN,21.7,1999
MADHYA PRADESH,0,1999
MADHYA PRADESH,0,1999
MADHYA PRADESH,0.8,1999
MADHYA PRADESH,0,1999
MADHYA PRADESH,0.2,1999
MADHYA PRADESH,123.5,1999
MADHYA PRADESH,576,1999
MADHYA PRADESH,624.8,1999
MADHYA PRADESH,140.6,1999
MADHYA PRADESH,9.2,1999
MADHYA PRADESH,2.9,1999
MADHYA PRADESH,0,1999
MADHYA PRADESH,7.9,1999
MADHYA PRADESH,54.7,1999
MADHYA PRADESH,28.7,1999
MADHYA PRADESH,220.4,1999
MADHYA PRADESH,276.7,1999
MADHYA PRADESH,446.3,1999
MADHYA PRADESH,430,1999
MADHYA PRADESH,373.8,1999
MADHYA PRADESH,426.6,1999
MADHYA PRADESH,180.5,1999
MADHYA PRADESH,82.6,1999
MADHYA PRADESH,10.1,1999
GUJARAT,0,1999
GUJARAT,0,1999
GUJARAT,0.1,1999
GUJARAT,3.3,1999
GUJARAT,33.4,1999
GUJARAT,939.3,1999
GUJARAT,841.3,1999
GUJARAT,980.2,1999
GUJARAT,609,1999
GUJARAT,45.6,1999
GUJARAT,16,1999
GUJARAT,0.1,1999
GUJARAT,49.4,1999
GUJARAT,12.4,1999
GUJARAT,11.5,1999
GUJARAT,42.8,1999
GUJARAT,94.4,1999
GUJARAT,414.5,1999
GUJARAT,338.4,1999
GUJARAT,252.2,1999
GUJARAT,267.3,1999
GUJARAT,72.3,1999
GUJARAT,0,1999
GUJARAT,0.2,1999
GOA,0.1,1999
GOA,0.1,1999
GOA,14.6,1999
GOA,3.7,1999
GOA,1.8,1999
GOA,66.7,1999
GOA,106.5,1999
GOA,150.8,1999
GOA,267.8,1999
GOA,33.8,1999
GOA,0.3,1999
GOA,0.1,1999
MAHARASHTRA,1.8,1999
MAHARASHTRA,0.8,1999
MAHARASHTRA,2,1999
MAHARASHTRA,0.8,1999
MAHARASHTRA,78.1,1999
MAHARASHTRA,62.7,1999
MAHARASHTRA,266.6,1999
MAHARASHTRA,248,1999
MAHARASHTRA,248.8,1999
MAHARASHTRA,82.2,1999
MAHARASHTRA,4,1999
MAHARASHTRA,0.5,1999
MAHARASHTRA,1.2,1999
MAHARASHTRA,0,1999
MAHARASHTRA,2.3,1999
MAHARASHTRA,1.9,1999
MAHARASHTRA,11.2,1999
MAHARASHTRA,45.3,1999
MAHARASHTRA,455,1999
MAHARASHTRA,247.1,1999
MAHARASHTRA,104.7,1999
MAHARASHTRA,43.6,1999
MAHARASHTRA,42.5,1999
MAHARASHTRA,1.9,1999
MAHARASHTRA,2.2,1999
MAHARASHTRA,10,1999
MAHARASHTRA,0,1999
MAHARASHTRA,0,1999
MAHARASHTRA,14.7,1999
MAHARASHTRA,23.9,1999
MAHARASHTRA,220.8,1999
MAHARASHTRA,215.9,1999
MAHARASHTRA,184.5,1999
MAHARASHTRA,15.5,1999
MAHARASHTRA,4.5,1999
MAHARASHTRA,0.1,1999
CHHATTISGARH,10.3,1999
CHHATTISGARH,5.3,1999
CHHATTISGARH,1.5,1999
CHHATTISGARH,5.6,1999
CHHATTISGARH,24.9,1999
CHHATTISGARH,127,1999
CHHATTISGARH,395.5,1999
CHHATTISGARH,308.1,1999
CHHATTISGARH,249.8,1999
CHHATTISGARH,98.7,1999
CHHATTISGARH,40.5,1999
CHHATTISGARH,9.3,1999
ANDHRA PRADESH,30.9,1999
ANDHRA PRADESH,65.2,1999
ANDHRA PRADESH,18,1999
ANDHRA PRADESH,30.9,1999
ANDHRA PRADESH,84.2,1999
ANDHRA PRADESH,223.1,1999
ANDHRA PRADESH,433.3,1999
ANDHRA PRADESH,523.7,1999
ANDHRA PRADESH,148.4,1999
ANDHRA PRADESH,3.4,1999
ANDHRA PRADESH,1.2,1999
ANDHRA PRADESH,2.3,1999
TELANGANA,4.3,1999
TELANGANA,11.2,1999
TELANGANA,8,1999
TELANGANA,91.5,1999
TELANGANA,33.4,1999
TELANGANA,56,1999
TELANGANA,45.5,1999
TELANGANA,128.9,1999
TELANGANA,76,1999
TELANGANA,200.4,1999
TELANGANA,230.5,1999
TELANGANA,41,1999
RAYALSEEMA,62.6,1999
RAYALSEEMA,3.2,1999
RAYALSEEMA,1.9,1999
RAYALSEEMA,31.1,1999
RAYALSEEMA,1.6,1999
RAYALSEEMA,11.9,1999
RAYALSEEMA,120.2,1999
RAYALSEEMA,135.1,1999
RAYALSEEMA,112.3,1999
RAYALSEEMA,2.2,1999
RAYALSEEMA,0.4,1999
RAYALSEEMA,11,1999
TAMIL NADU,28.5,1999
TAMIL NADU,6.2,1999
TAMIL NADU,0.4,1999
TAMIL NADU,35.4,1999
TAMIL NADU,19.5,1999
TAMIL NADU,60,1999
TAMIL NADU,114.5,1999
TAMIL NADU,105.5,1999
TAMIL NADU,79.2,1999
TAMIL NADU,85.2,1999
TAMIL NADU,46.5,1999
TAMIL NADU,2.9,1999
KARNATAKA,52.2,1999
KARNATAKA,136.4,1999
KARNATAKA,41.9,1999
KARNATAKA,47.4,1999
KARNATAKA,47.4,1999
KARNATAKA,80.5,1999
KARNATAKA,125.1,1999
KARNATAKA,219.1,1999
KARNATAKA,41.2,1999
KARNATAKA,34.4,1999
KARNATAKA,13.4,1999
KARNATAKA,20.3,1999
KARNATAKA,3.9,1999
KARNATAKA,40.1,1999
KARNATAKA,49.9,1999
KARNATAKA,49.3,1999
KARNATAKA,119.3,1999
KARNATAKA,1042.7,1999
KARNATAKA,830.2,1999
KARNATAKA,369.7,1999
KARNATAKA,318.6,1999
KARNATAKA,259.9,1999
KARNATAKA,154.9,1999
KARNATAKA,17,1999
KARNATAKA,28.4,1999
KARNATAKA,10,1999
KARNATAKA,6.4,1999
KARNATAKA,7.3,1999
KARNATAKA,8.4,1999
KARNATAKA,23.5,1999
KARNATAKA,197.1,1999
KARNATAKA,261,1999
KARNATAKA,136.9,1999
KARNATAKA,3.2,1999
KARNATAKA,0,1999
KARNATAKA,1.1,1999
KERALA,126.8,1999
KERALA,7.6,1999
KERALA,3.1,1999
KERALA,138.2,1999
KERALA,331.9,1999
KERALA,346.4,1999
KERALA,328.9,1999
KERALA,480,1999
KERALA,523.3,1999
KERALA,252.1,1999
KERALA,236.3,1999
KERALA,129.9,1999
LAKSHADWEEP,37.3,1999
LAKSHADWEEP,11,1999
LAKSHADWEEP,73.4,1999
LAKSHADWEEP,25.8,1999
LAKSHADWEEP,6.3,1999
LAKSHADWEEP,139.2,1999
LAKSHADWEEP,262.2,1999
LAKSHADWEEP,272.1,1999
LAKSHADWEEP,71.6,1999
LAKSHADWEEP,38.2,1999
LAKSHADWEEP,1.2,1999
LAKSHADWEEP,0.9,1999
ANDAMAN & NICOBAR ISLANDS,11.3,2000
ANDAMAN & NICOBAR ISLANDS,23.7,2000
ANDAMAN & NICOBAR ISLANDS,134.4,2000
ANDAMAN & NICOBAR ISLANDS,112,2000
ANDAMAN & NICOBAR ISLANDS,255,2000
ANDAMAN & NICOBAR ISLANDS,334,2000
ANDAMAN & NICOBAR ISLANDS,598.5,2000
ANDAMAN & NICOBAR ISLANDS,273.9,2000
ANDAMAN & NICOBAR ISLANDS,361.6,2000
ANDAMAN & NICOBAR ISLANDS,48.6,2000
ANDAMAN & NICOBAR ISLANDS,17.8,2000
ANDAMAN & NICOBAR ISLANDS,41.3,2000
ARUNACHAL PRADESH,2.6,2000
ARUNACHAL PRADESH,0,2000
ARUNACHAL PRADESH,0.8,2000
ARUNACHAL PRADESH,1.8,2000
ARUNACHAL PRADESH,0.2,2000
ARUNACHAL PRADESH,757.9,2000
ARUNACHAL PRADESH,1072.6,2000
ARUNACHAL PRADESH,847.6,2000
ARUNACHAL PRADESH,215.2,2000
ARUNACHAL PRADESH,21.8,2000
ARUNACHAL PRADESH,47.1,2000
ARUNACHAL PRADESH,59.6,2000
ASSAM,52.9,2000
ASSAM,31,2000
ASSAM,128.8,2000
ASSAM,53,2000
ASSAM,87.1,2000
ASSAM,154.3,2000
ASSAM,295.2,2000
ASSAM,265.7,2000
ASSAM,296.3,2000
ASSAM,191.4,2000
ASSAM,77.1,2000
ASSAM,0,2000
NAGALAND,0.1,2000
NAGALAND,0.3,2000
NAGALAND,3.4,2000
NAGALAND,1.7,2000
NAGALAND,8.7,2000
NAGALAND,189.8,2000
NAGALAND,255.1,2000
NAGALAND,249.9,2000
NAGALAND,235.8,2000
NAGALAND,150.3,2000
NAGALAND,31.6,2000
NAGALAND,0,2000
SIKKIM,0.6,2000
SIKKIM,0.1,2000
SIKKIM,0.1,2000
SIKKIM,1.5,2000
SIKKIM,95.4,2000
SIKKIM,240.2,2000
SIKKIM,416,2000
SIKKIM,373.1,2000
SIKKIM,315.8,2000
SIKKIM,140.6,2000
SIKKIM,3.3,2000
SIKKIM,0.2,2000
WEST BENGAL,0,2000
WEST BENGAL,3.1,2000
WEST BENGAL,0.1,2000
WEST BENGAL,0,2000
WEST BENGAL,31.5,2000
WEST BENGAL,222.5,2000
WEST BENGAL,310,2000
WEST BENGAL,408.7,2000
WEST BENGAL,253.7,2000
WEST BENGAL,91.2,2000
WEST BENGAL,1.3,2000
WEST BENGAL,0.6,2000
ORISSA,2.6,2000
ORISSA,5.3,2000
ORISSA,2.9,2000
ORISSA,10.5,2000
ORISSA,38.6,2000
ORISSA,199.1,2000
ORISSA,240.9,2000
ORISSA,204.7,2000
ORISSA,222.7,2000
ORISSA,1.3,2000
ORISSA,18.1,2000
ORISSA,0.2,2000
JHARKHAND,0.6,2000
JHARKHAND,16.8,2000
JHARKHAND,1,2000
JHARKHAND,16.3,2000
JHARKHAND,48.8,2000
JHARKHAND,253.2,2000
JHARKHAND,220.9,2000
JHARKHAND,420.5,2000
JHARKHAND,70.7,2000
JHARKHAND,20.2,2000
JHARKHAND,6.4,2000
JHARKHAND,2.5,2000
BIHAR,22.7,2000
BIHAR,27.9,2000
BIHAR,83.4,2000
BIHAR,48.2,2000
BIHAR,109.1,2000
BIHAR,297.3,2000
BIHAR,493,2000
BIHAR,371.7,2000
BIHAR,68.3,2000
BIHAR,6.3,2000
BIHAR,1.4,2000
BIHAR,15.1,2000
UTTAR PRADESH,21.8,2000
UTTAR PRADESH,10.9,2000
UTTAR PRADESH,13,2000
UTTAR PRADESH,93.8,2000
UTTAR PRADESH,45,2000
UTTAR PRADESH,39.9,2000
UTTAR PRADESH,37.2,2000
UTTAR PRADESH,18.7,2000
UTTAR PRADESH,53.8,2000
UTTAR PRADESH,69.5,2000
UTTAR PRADESH,52.3,2000
UTTAR PRADESH,27.6,2000
UTTAR PRADESH,2.4,2000
UTTAR PRADESH,6.6,2000
UTTAR PRADESH,6.8,2000
UTTAR PRADESH,3.3,2000
UTTAR PRADESH,20.8,2000
UTTAR PRADESH,24.7,2000
UTTAR PRADESH,50.4,2000
UTTAR PRADESH,58.4,2000
UTTAR PRADESH,95,2000
UTTAR PRADESH,2.6,2000
UTTAR PRADESH,0,2000
UTTAR PRADESH,3.7,2000
UTTARAKHAND,3.8,2000
UTTARAKHAND,7.9,2000
UTTARAKHAND,0.3,2000
UTTARAKHAND,14.7,2000
UTTARAKHAND,40.6,2000
UTTARAKHAND,108.2,2000
UTTARAKHAND,54.7,2000
UTTARAKHAND,118.2,2000
UTTARAKHAND,52.2,2000
UTTARAKHAND,126.4,2000
UTTARAKHAND,3.4,2000
UTTARAKHAND,0,2000
HARYANA,26.9,2000
HARYANA,267.2,2000
HARYANA,170.9,2000
HARYANA,117.5,2000
HARYANA,111.3,2000
HARYANA,41,2000
HARYANA,136,2000
HARYANA,185.5,2000
HARYANA,126.1,2000
HARYANA,13.3,2000
HARYANA,33.7,2000
HARYANA,81.7,2000
PUNJAB,0.7,2000
PUNJAB,50.9,2000
PUNJAB,82.1,2000
PUNJAB,134.4,2000
PUNJAB,91,2000
PUNJAB,566.7,2000
PUNJAB,532,2000
PUNJAB,350.3,2000
PUNJAB,93.6,2000
PUNJAB,407,2000
PUNJAB,76.4,2000
PUNJAB,9.7,2000
HIMACHAL PRADESH,2.5,2000
HIMACHAL PRADESH,0,2000
HIMACHAL PRADESH,0,2000
HIMACHAL PRADESH,2.2,2000
HIMACHAL PRADESH,9.3,2000
HIMACHAL PRADESH,52.8,2000
HIMACHAL PRADESH,105.8,2000
HIMACHAL PRADESH,380.9,2000
HIMACHAL PRADESH,24.7,2000
HIMACHAL PRADESH,27.5,2000
HIMACHAL PRADESH,0.4,2000
HIMACHAL PRADESH,0.1,2000
JAMMU & KASHMIR,0,2000
JAMMU & KASHMIR,0,2000
JAMMU & KASHMIR,20.3,2000
JAMMU & KASHMIR,51.1,2000
JAMMU & KASHMIR,305.3,2000
JAMMU & KASHMIR,452.4,2000
JAMMU & KASHMIR,429.3,2000
JAMMU & KASHMIR,311.1,2000
JAMMU & KASHMIR,507.5,2000
JAMMU & KASHMIR,293.5,2000
JAMMU & KASHMIR,300.1,2000
JAMMU & KASHMIR,283.9,2000
RAJASTHAN,35.2,2000
RAJASTHAN,10.6,2000
RAJASTHAN,27.4,2000
RAJASTHAN,3.4,2000
RAJASTHAN,41.7,2000
RAJASTHAN,163.9,2000
RAJASTHAN,597.2,2000
RAJASTHAN,256.6,2000
RAJASTHAN,198.4,2000
RAJASTHAN,27.6,2000
RAJASTHAN,0,2000
RAJASTHAN,4.4,2000
RAJASTHAN,0.7,2000
RAJASTHAN,40.9,2000
RAJASTHAN,20.8,2000
RAJASTHAN,169,2000
RAJASTHAN,325.7,2000
RAJASTHAN,395.9,2000
RAJASTHAN,350.3,2000
RAJASTHAN,209.7,2000
RAJASTHAN,252.3,2000
RAJASTHAN,97.6,2000
RAJASTHAN,25.1,2000
RAJASTHAN,10.7,2000
MADHYA PRADESH,0,2000
MADHYA PRADESH,0,2000
MADHYA PRADESH,1.9,2000
MADHYA PRADESH,0,2000
MADHYA PRADESH,0,2000
MADHYA PRADESH,66.2,2000
MADHYA PRADESH,373.4,2000
MADHYA PRADESH,189.8,2000
MADHYA PRADESH,68.2,2000
MADHYA PRADESH,1.4,2000
MADHYA PRADESH,0.3,2000
MADHYA PRADESH,0.6,2000
MADHYA PRADESH,3.1,2000
MADHYA PRADESH,81.1,2000
MADHYA PRADESH,46.6,2000
MADHYA PRADESH,160.1,2000
MADHYA PRADESH,215.1,2000
MADHYA PRADESH,485.1,2000
MADHYA PRADESH,686.3,2000
MADHYA PRADESH,412.4,2000
MADHYA PRADESH,458.6,2000
MADHYA PRADESH,79.5,2000
MADHYA PRADESH,8.8,2000
MADHYA PRADESH,2,2000
GUJARAT,1.3,2000
GUJARAT,0.4,2000
GUJARAT,0,2000
GUJARAT,2.1,2000
GUJARAT,5.5,2000
GUJARAT,266.9,2000
GUJARAT,293.5,2000
GUJARAT,274.2,2000
GUJARAT,189.2,2000
GUJARAT,3.4,2000
GUJARAT,3.9,2000
GUJARAT,0,2000
GUJARAT,27.5,2000
GUJARAT,10.4,2000
GUJARAT,17.5,2000
GUJARAT,28.2,2000
GUJARAT,37.4,2000
GUJARAT,343.5,2000
GUJARAT,306.4,2000
GUJARAT,388.3,2000
GUJARAT,355,2000
GUJARAT,22.1,2000
GUJARAT,2.7,2000
GUJARAT,0,2000
GOA,0.2,2000
GOA,1.9,2000
GOA,19.2,2000
GOA,2.8,2000
GOA,2.9,2000
GOA,137.9,2000
GOA,261.5,2000
GOA,254,2000
GOA,160.8,2000
GOA,22.4,2000
GOA,2.9,2000
GOA,0.1,2000
MAHARASHTRA,0.3,2000
MAHARASHTRA,0.4,2000
MAHARASHTRA,1.1,2000
MAHARASHTRA,2.9,2000
MAHARASHTRA,98.5,2000
MAHARASHTRA,67.7,2000
MAHARASHTRA,213.6,2000
MAHARASHTRA,298.9,2000
MAHARASHTRA,127.6,2000
MAHARASHTRA,72.6,2000
MAHARASHTRA,5.1,2000
MAHARASHTRA,0.8,2000
MAHARASHTRA,0,2000
MAHARASHTRA,0,2000
MAHARASHTRA,5.7,2000
MAHARASHTRA,6.4,2000
MAHARASHTRA,53,2000
MAHARASHTRA,72.6,2000
MAHARASHTRA,140.9,2000
MAHARASHTRA,163.5,2000
MAHARASHTRA,151.9,2000
MAHARASHTRA,92.6,2000
MAHARASHTRA,102.6,2000
MAHARASHTRA,1.3,2000
MAHARASHTRA,3.2,2000
MAHARASHTRA,13.7,2000
MAHARASHTRA,0.2,2000
MAHARASHTRA,0.4,2000
MAHARASHTRA,9.3,2000
MAHARASHTRA,12.5,2000
MAHARASHTRA,282,2000
MAHARASHTRA,213.8,2000
MAHARASHTRA,263.9,2000
MAHARASHTRA,4.7,2000
MAHARASHTRA,12.8,2000
MAHARASHTRA,4.1,2000
CHHATTISGARH,4.7,2000
CHHATTISGARH,0.8,2000
CHHATTISGARH,0.6,2000
CHHATTISGARH,13,2000
CHHATTISGARH,65.4,2000
CHHATTISGARH,108.3,2000
CHHATTISGARH,187.6,2000
CHHATTISGARH,155,2000
CHHATTISGARH,122.9,2000
CHHATTISGARH,83.4,2000
CHHATTISGARH,175.1,2000
CHHATTISGARH,46.7,2000
ANDHRA PRADESH,0.7,2000
ANDHRA PRADESH,26.7,2000
ANDHRA PRADESH,6.9,2000
ANDHRA PRADESH,8.9,2000
ANDHRA PRADESH,28.7,2000
ANDHRA PRADESH,94.4,2000
ANDHRA PRADESH,85,2000
ANDHRA PRADESH,127.3,2000
ANDHRA PRADESH,133.1,2000
ANDHRA PRADESH,0,2000
ANDHRA PRADESH,0,2000
ANDHRA PRADESH,0.4,2000
TELANGANA,4.8,2000
TELANGANA,3.8,2000
TELANGANA,8.7,2000
TELANGANA,66.1,2000
TELANGANA,49.3,2000
TELANGANA,1018.4,2000
TELANGANA,1080.5,2000
TELANGANA,861.3,2000
TELANGANA,545.2,2000
TELANGANA,178.8,2000
TELANGANA,81.5,2000
TELANGANA,10.2,2000
RAYALSEEMA,92.3,2000
RAYALSEEMA,51.3,2000
RAYALSEEMA,28.4,2000
RAYALSEEMA,55.9,2000
RAYALSEEMA,9.4,2000
RAYALSEEMA,31.1,2000
RAYALSEEMA,241.5,2000
RAYALSEEMA,280.6,2000
RAYALSEEMA,133.1,2000
RAYALSEEMA,3.1,2000
RAYALSEEMA,3.2,2000
RAYALSEEMA,21.8,2000
TAMIL NADU,4.6,2000
TAMIL NADU,5.5,2000
TAMIL NADU,8.1,2000
TAMIL NADU,99,2000
TAMIL NADU,45.6,2000
TAMIL NADU,81.8,2000
TAMIL NADU,144.7,2000
TAMIL NADU,236.5,2000
TAMIL NADU,100.6,2000
TAMIL NADU,62.8,2000
TAMIL NADU,82.6,2000
TAMIL NADU,6.2,2000
KARNATAKA,8.6,2000
KARNATAKA,21.8,2000
KARNATAKA,4.2,2000
KARNATAKA,3.1,2000
KARNATAKA,1.7,2000
KARNATAKA,37.6,2000
KARNATAKA,104.5,2000
KARNATAKA,138.2,2000
KARNATAKA,58.7,2000
KARNATAKA,10.1,2000
KARNATAKA,1,2000
KARNATAKA,0,2000
KARNATAKA,26.2,2000
KARNATAKA,34.4,2000
KARNATAKA,37.5,2000
KARNATAKA,5.3,2000
KARNATAKA,88.3,2000
KARNATAKA,426.2,2000
KARNATAKA,296.4,2000
KARNATAKA,154.4,2000
KARNATAKA,180,2000
KARNATAKA,72.8,2000
KARNATAKA,78.1,2000
KARNATAKA,26.7,2000
KARNATAKA,25.6,2000
KARNATAKA,34.4,2000
KARNATAKA,4.6,2000
KARNATAKA,1.4,2000
KARNATAKA,1.4,2000
KARNATAKA,30.6,2000
KARNATAKA,337.4,2000
KARNATAKA,211,2000
KARNATAKA,192.6,2000
KARNATAKA,7,2000
KARNATAKA,3,2000
KARNATAKA,15.8,2000
KERALA,30.8,2000
KERALA,47.5,2000
KERALA,97.5,2000
KERALA,287.1,2000
KERALA,238.9,2000
KERALA,637.9,2000
KERALA,329.3,2000
KERALA,595.5,2000
KERALA,374.2,2000
KERALA,65.2,2000
KERALA,33.8,2000
KERALA,29.8,2000
LAKSHADWEEP,1.8,2000
LAKSHADWEEP,0,2000
LAKSHADWEEP,6.1,2000
LAKSHADWEEP,5.5,2000
LAKSHADWEEP,0.9,2000
LAKSHADWEEP,120.7,2000
LAKSHADWEEP,354.7,2000
LAKSHADWEEP,37.4,2000
LAKSHADWEEP,93.4,2000
LAKSHADWEEP,2.2,2000
LAKSHADWEEP,0.3,2000
LAKSHADWEEP,0,2000
ANDAMAN & NICOBAR ISLANDS,18.9,2001
ANDAMAN & NICOBAR ISLANDS,31.3,2001
ANDAMAN & NICOBAR ISLANDS,76.4,2001
ANDAMAN & NICOBAR ISLANDS,119.5,2001
ANDAMAN & NICOBAR ISLANDS,166.9,2001
ANDAMAN & NICOBAR ISLANDS,613.3,2001
ANDAMAN & NICOBAR ISLANDS,488.1,2001
ANDAMAN & NICOBAR ISLANDS,479,2001
ANDAMAN & NICOBAR ISLANDS,443.9,2001
ANDAMAN & NICOBAR ISLANDS,41.3,2001
ANDAMAN & NICOBAR ISLANDS,16.3,2001
ANDAMAN & NICOBAR ISLANDS,56.5,2001
ARUNACHAL PRADESH,3.3,2001
ARUNACHAL PRADESH,0,2001
ARUNACHAL PRADESH,2.4,2001
ARUNACHAL PRADESH,15.3,2001
ARUNACHAL PRADESH,6.5,2001
ARUNACHAL PRADESH,180.2,2001
ARUNACHAL PRADESH,239.9,2001
ARUNACHAL PRADESH,295.5,2001
ARUNACHAL PRADESH,91.7,2001
ARUNACHAL PRADESH,57.7,2001
ARUNACHAL PRADESH,68.8,2001
ARUNACHAL PRADESH,39.6,2001
ASSAM,31.5,2001
ASSAM,28.3,2001
ASSAM,52.4,2001
ASSAM,43.4,2001
ASSAM,53.4,2001
ASSAM,176.4,2001
ASSAM,277.6,2001
ASSAM,203.5,2001
ASSAM,277.3,2001
ASSAM,139.6,2001
ASSAM,73.8,2001
ASSAM,0,2001
NAGALAND,12.8,2001
NAGALAND,14.7,2001
NAGALAND,16.2,2001
NAGALAND,8.3,2001
NAGALAND,10.6,2001
NAGALAND,127.5,2001
NAGALAND,274,2001
NAGALAND,234.2,2001
NAGALAND,247.4,2001
NAGALAND,53.9,2001
NAGALAND,62.2,2001
NAGALAND,0,2001
SIKKIM,0.1,2001
SIKKIM,0.2,2001
SIKKIM,0.4,2001
SIKKIM,3.8,2001
SIKKIM,83.6,2001
SIKKIM,265.1,2001
SIKKIM,380.8,2001
SIKKIM,347.5,2001
SIKKIM,199.6,2001
SIKKIM,114.1,2001
SIKKIM,6.9,2001
SIKKIM,0.6,2001
WEST BENGAL,0.1,2001
WEST BENGAL,2.7,2001
WEST BENGAL,0.2,2001
WEST BENGAL,11,2001
WEST BENGAL,74.3,2001
WEST BENGAL,126.4,2001
WEST BENGAL,154.2,2001
WEST BENGAL,136.6,2001
WEST BENGAL,137.5,2001
WEST BENGAL,153.9,2001
WEST BENGAL,28.3,2001
WEST BENGAL,0,2001
ORISSA,8.8,2001
ORISSA,22.9,2001
ORISSA,1.7,2001
ORISSA,2.1,2001
ORISSA,23.6,2001
ORISSA,143,2001
ORISSA,251.2,2001
ORISSA,238.9,2001
ORISSA,79.1,2001
ORISSA,0,2001
ORISSA,0,2001
ORISSA,0,2001
JHARKHAND,0,2001
JHARKHAND,34.3,2001
JHARKHAND,0.2,2001
JHARKHAND,22.1,2001
JHARKHAND,73.8,2001
JHARKHAND,92.7,2001
JHARKHAND,94.7,2001
JHARKHAND,241.5,2001
JHARKHAND,102.9,2001
JHARKHAND,134.7,2001
JHARKHAND,37.7,2001
JHARKHAND,36.7,2001
BIHAR,17.8,2001
BIHAR,5.2,2001
BIHAR,7.2,2001
BIHAR,19.8,2001
BIHAR,47.8,2001
BIHAR,117.2,2001
BIHAR,145.2,2001
BIHAR,103.5,2001
BIHAR,10.3,2001
BIHAR,11.1,2001
BIHAR,0.1,2001
BIHAR,0.2,2001
UTTAR PRADESH,0.6,2001
UTTAR PRADESH,0.4,2001
UTTAR PRADESH,0.4,2001
UTTAR PRADESH,71.4,2001
UTTAR PRADESH,156.9,2001
UTTAR PRADESH,930,2001
UTTAR PRADESH,926.9,2001
UTTAR PRADESH,654.4,2001
UTTAR PRADESH,151.8,2001
UTTAR PRADESH,169.7,2001
UTTAR PRADESH,48.6,2001
UTTAR PRADESH,0.6,2001
UTTAR PRADESH,66.7,2001
UTTAR PRADESH,136.5,2001
UTTAR PRADESH,136.9,2001
UTTAR PRADESH,124,2001
UTTAR PRADESH,27,2001
UTTAR PRADESH,56.1,2001
UTTAR PRADESH,81.8,2001
UTTAR PRADESH,225.6,2001
UTTAR PRADESH,123.1,2001
UTTAR PRADESH,8.2,2001
UTTAR PRADESH,0.7,2001
UTTAR PRADESH,3.9,2001
UTTARAKHAND,2,2001
UTTARAKHAND,11.4,2001
UTTARAKHAND,2.3,2001
UTTARAKHAND,20.6,2001
UTTARAKHAND,77.2,2001
UTTARAKHAND,131.9,2001
UTTARAKHAND,92.6,2001
UTTARAKHAND,155.1,2001
UTTARAKHAND,74.9,2001
UTTARAKHAND,168.4,2001
UTTARAKHAND,18.8,2001
UTTARAKHAND,0.6,2001
HARYANA,2.5,2001
HARYANA,21.2,2001
HARYANA,0.8,2001
HARYANA,0.4,2001
HARYANA,1.8,2001
HARYANA,45.2,2001
HARYANA,188.4,2001
HARYANA,93.6,2001
HARYANA,13.9,2001
HARYANA,0.2,2001
HARYANA,0,2001
HARYANA,0.1,2001
PUNJAB,11.8,2001
PUNJAB,18.2,2001
PUNJAB,28.5,2001
PUNJAB,18.1,2001
PUNJAB,109.6,2001
PUNJAB,364.5,2001
PUNJAB,400.6,2001
PUNJAB,92.1,2001
PUNJAB,84.3,2001
PUNJAB,191.6,2001
PUNJAB,206.1,2001
PUNJAB,7.5,2001
HIMACHAL PRADESH,16.8,2001
HIMACHAL PRADESH,0,2001
HIMACHAL PRADESH,0,2001
HIMACHAL PRADESH,0.4,2001
HIMACHAL PRADESH,4.8,2001
HIMACHAL PRADESH,83.7,2001
HIMACHAL PRADESH,218,2001
HIMACHAL PRADESH,421.9,2001
HIMACHAL PRADESH,55.7,2001
HIMACHAL PRADESH,43.7,2001
HIMACHAL PRADESH,2.2,2001
HIMACHAL PRADESH,0.8,2001
JAMMU & KASHMIR,48.4,2001
JAMMU & KASHMIR,167.6,2001
JAMMU & KASHMIR,229.5,2001
JAMMU & KASHMIR,195.3,2001
JAMMU & KASHMIR,179.8,2001
JAMMU & KASHMIR,269.3,2001
JAMMU & KASHMIR,430.8,2001
JAMMU & KASHMIR,400,2001
JAMMU & KASHMIR,243.6,2001
JAMMU & KASHMIR,139.3,2001
JAMMU & KASHMIR,28.6,2001
JAMMU & KASHMIR,3.3,2001
RAJASTHAN,0,2001
RAJASTHAN,0,2001
RAJASTHAN,0,2001
RAJASTHAN,0,2001
RAJASTHAN,0.3,2001
RAJASTHAN,367.3,2001
RAJASTHAN,378.7,2001
RAJASTHAN,229.4,2001
RAJASTHAN,339.2,2001
RAJASTHAN,1.4,2001
RAJASTHAN,0,2001
RAJASTHAN,0,2001
RAJASTHAN,0.6,2001
RAJASTHAN,12.4,2001
RAJASTHAN,5.5,2001
RAJASTHAN,111.1,2001
RAJASTHAN,382.2,2001
RAJASTHAN,445.6,2001
RAJASTHAN,335,2001
RAJASTHAN,241.6,2001
RAJASTHAN,231.1,2001
RAJASTHAN,90.4,2001
RAJASTHAN,13,2001
RAJASTHAN,3.7,2001
MADHYA PRADESH,0,2001
MADHYA PRADESH,0,2001
MADHYA PRADESH,9.9,2001
MADHYA PRADESH,0,2001
MADHYA PRADESH,211.8,2001
MADHYA PRADESH,683.1,2001
MADHYA PRADESH,1066.2,2001
MADHYA PRADESH,886.4,2001
MADHYA PRADESH,399.9,2001
MADHYA PRADESH,202.4,2001
MADHYA PRADESH,22.5,2001
MADHYA PRADESH,0,2001
MADHYA PRADESH,3.9,2001
MADHYA PRADESH,56.2,2001
MADHYA PRADESH,39.3,2001
MADHYA PRADESH,38.7,2001
MADHYA PRADESH,98.7,2001
MADHYA PRADESH,226.3,2001
MADHYA PRADESH,610.1,2001
MADHYA PRADESH,328,2001
MADHYA PRADESH,459.9,2001
MADHYA PRADESH,55.8,2001
MADHYA PRADESH,24.6,2001
MADHYA PRADESH,0,2001
GUJARAT,0,2001
GUJARAT,0,2001
GUJARAT,0.1,2001
GUJARAT,0.7,2001
GUJARAT,10,2001
GUJARAT,185.4,2001
GUJARAT,123.1,2001
GUJARAT,146.2,2001
GUJARAT,240.7,2001
GUJARAT,0.9,2001
GUJARAT,7.5,2001
GUJARAT,0,2001
GUJARAT,19.4,2001
GUJARAT,3.6,2001
GUJARAT,6.2,2001
GUJARAT,10.7,2001
GUJARAT,42.9,2001
GUJARAT,366.3,2001
GUJARAT,377.9,2001
GUJARAT,310.5,2001
GUJARAT,152.9,2001
GUJARAT,34,2001
GUJARAT,1,2001
GUJARAT,0,2001
GOA,6.7,2001
GOA,9.7,2001
GOA,22.2,2001
GOA,11.2,2001
GOA,9.5,2001
GOA,236.4,2001
GOA,280.5,2001
GOA,305.1,2001
GOA,215.4,2001
GOA,10.7,2001
GOA,1.2,2001
GOA,0,2001
MAHARASHTRA,0,2001
MAHARASHTRA,1.1,2001
MAHARASHTRA,0.8,2001
MAHARASHTRA,0.6,2001
MAHARASHTRA,22.8,2001
MAHARASHTRA,29.9,2001
MAHARASHTRA,149.4,2001
MAHARASHTRA,177,2001
MAHARASHTRA,139.6,2001
MAHARASHTRA,80.9,2001
MAHARASHTRA,4.9,2001
MAHARASHTRA,3,2001
MAHARASHTRA,0,2001
MAHARASHTRA,0,2001
MAHARASHTRA,2.1,2001
MAHARASHTRA,4.5,2001
MAHARASHTRA,13.1,2001
MAHARASHTRA,85.8,2001
MAHARASHTRA,118.4,2001
MAHARASHTRA,192.3,2001
MAHARASHTRA,149.7,2001
MAHARASHTRA,69.5,2001
MAHARASHTRA,29.6,2001
MAHARASHTRA,1.2,2001
MAHARASHTRA,11.4,2001
MAHARASHTRA,62.1,2001
MAHARASHTRA,3.8,2001
MAHARASHTRA,13.8,2001
MAHARASHTRA,47,2001
MAHARASHTRA,72.7,2001
MAHARASHTRA,455.8,2001
MAHARASHTRA,335.7,2001
MAHARASHTRA,389.7,2001
MAHARASHTRA,8,2001
MAHARASHTRA,4.5,2001
MAHARASHTRA,19.5,2001
CHHATTISGARH,11.8,2001
CHHATTISGARH,0.2,2001
CHHATTISGARH,1.9,2001
CHHATTISGARH,22.9,2001
CHHATTISGARH,91.9,2001
CHHATTISGARH,70,2001
CHHATTISGARH,81.4,2001
CHHATTISGARH,102.9,2001
CHHATTISGARH,111.1,2001
CHHATTISGARH,148.1,2001
CHHATTISGARH,328.6,2001
CHHATTISGARH,124.5,2001
ANDHRA PRADESH,3.5,2001
ANDHRA PRADESH,35.6,2001
ANDHRA PRADESH,8.2,2001
ANDHRA PRADESH,17.8,2001
ANDHRA PRADESH,18.9,2001
ANDHRA PRADESH,162.9,2001
ANDHRA PRADESH,120.9,2001
ANDHRA PRADESH,193.5,2001
ANDHRA PRADESH,140.2,2001
ANDHRA PRADESH,0,2001
ANDHRA PRADESH,1,2001
ANDHRA PRADESH,2.6,2001
TELANGANA,0.5,2001
TELANGANA,7.2,2001
TELANGANA,7.2,2001
TELANGANA,41.2,2001
TELANGANA,46.8,2001
TELANGANA,101.3,2001
TELANGANA,150.8,2001
TELANGANA,152,2001
TELANGANA,69,2001
TELANGANA,73.4,2001
TELANGANA,5.7,2001
TELANGANA,0,2001
RAYALSEEMA,150.9,2001
RAYALSEEMA,95.8,2001
RAYALSEEMA,45.2,2001
RAYALSEEMA,86.6,2001
RAYALSEEMA,48.9,2001
RAYALSEEMA,32.6,2001
RAYALSEEMA,118.8,2001
RAYALSEEMA,264.9,2001
RAYALSEEMA,106.7,2001
RAYALSEEMA,15.7,2001
RAYALSEEMA,10.8,2001
RAYALSEEMA,57.8,2001
TAMIL NADU,7.4,2001
TAMIL NADU,11,2001
TAMIL NADU,21,2001
TAMIL NADU,171.1,2001
TAMIL NADU,95.3,2001
TAMIL NADU,430.3,2001
TAMIL NADU,362.6,2001
TAMIL NADU,501.6,2001
TAMIL NADU,241.1,2001
TAMIL NADU,187.5,2001
TAMIL NADU,112.9,2001
TAMIL NADU,9.4,2001
KARNATAKA,1.4,2001
KARNATAKA,21.7,2001
KARNATAKA,0.4,2001
KARNATAKA,3.2,2001
KARNATAKA,1,2001
KARNATAKA,90.6,2001
KARNATAKA,319,2001
KARNATAKA,278.5,2001
KARNATAKA,88,2001
KARNATAKA,30.6,2001
KARNATAKA,1.3,2001
KARNATAKA,0.3,2001
KARNATAKA,41.9,2001
KARNATAKA,8.6,2001
KARNATAKA,0,2001
KARNATAKA,11.1,2001
KARNATAKA,238,2001
KARNATAKA,416.6,2001
KARNATAKA,467.6,2001
KARNATAKA,321.6,2001
KARNATAKA,412.9,2001
KARNATAKA,402.6,2001
KARNATAKA,201.2,2001
KARNATAKA,100.4,2001
KARNATAKA,32.1,2001
KARNATAKA,49.7,2001
KARNATAKA,17.8,2001
KARNATAKA,5.1,2001
KARNATAKA,2.5,2001
KARNATAKA,91.8,2001
KARNATAKA,283.4,2001
KARNATAKA,231.8,2001
KARNATAKA,139.6,2001
KARNATAKA,56.4,2001
KARNATAKA,1.9,2001
KARNATAKA,12.9,2001
KERALA,13.4,2001
KERALA,15.5,2001
KERALA,37.5,2001
KERALA,250.9,2001
KERALA,332.5,2001
KERALA,558.5,2001
KERALA,300.1,2001
KERALA,590.9,2001
KERALA,279.9,2001
KERALA,62.6,2001
KERALA,14,2001
KERALA,15.2,2001
LAKSHADWEEP,0.9,2001
LAKSHADWEEP,0,2001
LAKSHADWEEP,4.4,2001
LAKSHADWEEP,2.1,2001
LAKSHADWEEP,0.8,2001
LAKSHADWEEP,112.6,2001
LAKSHADWEEP,226.7,2001
LAKSHADWEEP,10.6,2001
LAKSHADWEEP,79.9,2001
LAKSHADWEEP,3.3,2001
LAKSHADWEEP,0.3,2001
LAKSHADWEEP,0,2001
ANDAMAN & NICOBAR ISLANDS,18.7,2002
ANDAMAN & NICOBAR ISLANDS,23.6,2002
ANDAMAN & NICOBAR ISLANDS,44.2,2002
ANDAMAN & NICOBAR ISLANDS,101.8,2002
ANDAMAN & NICOBAR ISLANDS,98.2,2002
ANDAMAN & NICOBAR ISLANDS,219.6,2002
ANDAMAN & NICOBAR ISLANDS,437.3,2002
ANDAMAN & NICOBAR ISLANDS,387.3,2002
ANDAMAN & NICOBAR ISLANDS,244,2002
ANDAMAN & NICOBAR ISLANDS,27.8,2002
ANDAMAN & NICOBAR ISLANDS,30.5,2002
ANDAMAN & NICOBAR ISLANDS,24.9,2002
ARUNACHAL PRADESH,7.7,2002
ARUNACHAL PRADESH,1.1,2002
ARUNACHAL PRADESH,8.3,2002
ARUNACHAL PRADESH,14.3,2002
ARUNACHAL PRADESH,8,2002
ARUNACHAL PRADESH,75.8,2002
ARUNACHAL PRADESH,131,2002
ARUNACHAL PRADESH,121.1,2002
ARUNACHAL PRADESH,163.4,2002
ARUNACHAL PRADESH,106.8,2002
ARUNACHAL PRADESH,98.6,2002
ARUNACHAL PRADESH,54.3,2002
ASSAM,76.3,2002
ASSAM,20.6,2002
ASSAM,54.1,2002
ASSAM,33.8,2002
ASSAM,45.5,2002
ASSAM,109.9,2002
ASSAM,302.4,2002
ASSAM,263.2,2002
ASSAM,288.6,2002
ASSAM,132.3,2002
ASSAM,26.3,2002
ASSAM,0.7,2002
NAGALAND,64.9,2002
NAGALAND,11.2,2002
NAGALAND,27.3,2002
NAGALAND,11.9,2002
NAGALAND,16.4,2002
NAGALAND,156.2,2002
NAGALAND,356,2002
NAGALAND,259.6,2002
NAGALAND,288.3,2002
NAGALAND,93.1,2002
NAGALAND,47.8,2002
NAGALAND,0,2002
SIKKIM,8.7,2002
SIKKIM,6.8,2002
WEST BENGAL,0,2002
WEST BENGAL,0.2,2002
WEST BENGAL,23.6,2002
WEST BENGAL,112.6,2002
WEST BENGAL,254.2,2002
WEST BENGAL,261.5,2002
WEST BENGAL,211.1,2002
WEST BENGAL,71,2002
WEST BENGAL,1,2002
WEST BENGAL,2,2002
WEST BENGAL,0,2002
WEST BENGAL,9.3,2002
WEST BENGAL,4.6,2002
WEST BENGAL,1.7,2002
WEST BENGAL,74.8,2002
WEST BENGAL,141.6,2002
WEST BENGAL,205.2,2002
WEST BENGAL,190.9,2002
WEST BENGAL,177.6,2002
WEST BENGAL,55.7,2002
WEST BENGAL,2.2,2002
WEST BENGAL,0,2002
ORISSA,29.9,2002
ORISSA,69.4,2002
ORISSA,37.9,2002
ORISSA,18.1,2002
ORISSA,83.3,2002
ORISSA,313.9,2002
ORISSA,420.1,2002
ORISSA,536.1,2002
ORISSA,195.3,2002
ORISSA,1.1,2002
ORISSA,7,2002
ORISSA,0.7,2002
JHARKHAND,30.3,2002
JHARKHAND,74.5,2002
JHARKHAND,9.4,2002
JHARKHAND,41.6,2002
JHARKHAND,54.7,2002
JHARKHAND,52.2,2002
JHARKHAND,45.8,2002
JHARKHAND,136.1,2002
JHARKHAND,169.8,2002
JHARKHAND,120.3,2002
JHARKHAND,148.6,2002
JHARKHAND,88.9,2002
BIHAR,8,2002
BIHAR,2.1,2002
BIHAR,6.2,2002
BIHAR,24.5,2002
BIHAR,36.9,2002
BIHAR,93.8,2002
BIHAR,173.9,2002
BIHAR,69.5,2002
BIHAR,19.9,2002
BIHAR,1.5,2002
BIHAR,0.9,2002
BIHAR,3.8,2002
UTTAR PRADESH,2.1,2002
UTTAR PRADESH,0,2002
UTTAR PRADESH,0.1,2002
UTTAR PRADESH,22.1,2002
UTTAR PRADESH,13.3,2002
UTTAR PRADESH,60.9,2002
UTTAR PRADESH,62.1,2002
UTTAR PRADESH,108.8,2002
UTTAR PRADESH,187.1,2002
UTTAR PRADESH,137.5,2002
UTTAR PRADESH,2.5,2002
UTTAR PRADESH,1.4,2002
UTTAR PRADESH,58.7,2002
UTTAR PRADESH,101.2,2002
UTTAR PRADESH,105.5,2002
UTTAR PRADESH,86.3,2002
UTTAR PRADESH,33,2002
UTTAR PRADESH,94.2,2002
UTTAR PRADESH,78.7,2002
UTTAR PRADESH,217.4,2002
UTTAR PRADESH,97.9,2002
UTTAR PRADESH,15.2,2002
UTTAR PRADESH,0.7,2002
UTTAR PRADESH,14.6,2002
UTTARAKHAND,4.7,2002
UTTARAKHAND,8.7,2002
UTTARAKHAND,35.7,2002
UTTARAKHAND,117.3,2002
UTTARAKHAND,330.8,2002
UTTARAKHAND,503.1,2002
UTTARAKHAND,318.7,2002
UTTARAKHAND,438.2,2002
UTTARAKHAND,99,2002
UTTARAKHAND,511.7,2002
UTTARAKHAND,137.5,2002
UTTARAKHAND,2.1,2002
HARYANA,4.1,2002
HARYANA,21.4,2002
HARYANA,0.5,2002
HARYANA,0.2,2002
HARYANA,3.5,2002
HARYANA,76.6,2002
HARYANA,245.8,2002
HARYANA,178.5,2002
HARYANA,93.6,2002
HARYANA,0.1,2002
HARYANA,0,2002
HARYANA,2.3,2002
PUNJAB,54.5,2002
PUNJAB,35.9,2002
PUNJAB,36.5,2002
PUNJAB,41.6,2002
PUNJAB,505.1,2002
PUNJAB,423.9,2002
PUNJAB,378.9,2002
PUNJAB,308.7,2002
PUNJAB,280.7,2002
PUNJAB,223.9,2002
PUNJAB,169.9,2002
PUNJAB,0.4,2002
HIMACHAL PRADESH,19.8,2002
HIMACHAL PRADESH,0.4,2002
HIMACHAL PRADESH,0,2002
HIMACHAL PRADESH,1.7,2002
HIMACHAL PRADESH,3.9,2002
HIMACHAL PRADESH,208.1,2002
HIMACHAL PRADESH,203.1,2002
HIMACHAL PRADESH,369.1,2002
HIMACHAL PRADESH,119.9,2002
HIMACHAL PRADESH,25.2,2002
HIMACHAL PRADESH,4.1,2002
HIMACHAL PRADESH,0,2002
JAMMU & KASHMIR,22.8,2002
JAMMU & KASHMIR,30.5,2002
JAMMU & KASHMIR,172.2,2002
JAMMU & KASHMIR,207.5,2002
JAMMU & KASHMIR,281.2,2002
JAMMU & KASHMIR,373.9,2002
JAMMU & KASHMIR,474.5,2002
JAMMU & KASHMIR,501.9,2002
JAMMU & KASHMIR,174.9,2002
JAMMU & KASHMIR,218.6,2002
JAMMU & KASHMIR,8.9,2002
JAMMU & KASHMIR,1.3,2002
RAJASTHAN,0,2002
RAJASTHAN,0,2002
RAJASTHAN,0,2002
RAJASTHAN,0.2,2002
RAJASTHAN,0.2,2002
RAJASTHAN,201.2,2002
RAJASTHAN,126.7,2002
RAJASTHAN,68.4,2002
RAJASTHAN,233.1,2002
RAJASTHAN,1.7,2002
RAJASTHAN,0,2002
RAJASTHAN,0,2002
RAJASTHAN,0.7,2002
RAJASTHAN,17,2002
RAJASTHAN,39.8,2002
RAJASTHAN,119.3,2002
RAJASTHAN,270.5,2002
RAJASTHAN,446.2,2002
RAJASTHAN,470.2,2002
RAJASTHAN,295,2002
RAJASTHAN,456.8,2002
RAJASTHAN,118.4,2002
RAJASTHAN,20.3,2002
RAJASTHAN,7.9,2002
MADHYA PRADESH,0,2002
MADHYA PRADESH,0,2002
MADHYA PRADESH,7.1,2002
MADHYA PRADESH,0.2,2002
MADHYA PRADESH,42.3,2002
MADHYA PRADESH,205.3,2002
MADHYA PRADESH,416.4,2002
MADHYA PRADESH,421.7,2002
MADHYA PRADESH,217,2002
MADHYA PRADESH,60.1,2002
MADHYA PRADESH,25.5,2002
MADHYA PRADESH,0,2002
MADHYA PRADESH,0.7,2002
MADHYA PRADESH,32.5,2002
MADHYA PRADESH,8,2002
MADHYA PRADESH,21,2002
MADHYA PRADESH,62.8,2002
MADHYA PRADESH,321,2002
MADHYA PRADESH,285.1,2002
MADHYA PRADESH,420.6,2002
MADHYA PRADESH,401.7,2002
MADHYA PRADESH,66.4,2002
MADHYA PRADESH,14,2002
MADHYA PRADESH,0,2002
GUJARAT,0.1,2002
GUJARAT,1.3,2002
GUJARAT,1.4,2002
GUJARAT,3.2,2002
GUJARAT,1.2,2002
GUJARAT,256.7,2002
GUJARAT,349.1,2002
GUJARAT,282.4,2002
GUJARAT,241.8,2002
GUJARAT,27.3,2002
GUJARAT,2.5,2002
GUJARAT,0,2002
GUJARAT,25.6,2002
GUJARAT,4.4,2002
GUJARAT,3.2,2002
GUJARAT,10.4,2002
GUJARAT,48.9,2002
GUJARAT,291.2,2002
GUJARAT,397.2,2002
GUJARAT,278.1,2002
GUJARAT,117.1,2002
GUJARAT,21.4,2002
GUJARAT,0.1,2002
GUJARAT,0,2002
GOA,3.2,2002
GOA,61.6,2002
GOA,93.8,2002
GOA,18.5,2002
GOA,34.9,2002
GOA,119.8,2002
GOA,208.5,2002
GOA,276.2,2002
GOA,166.8,2002
GOA,51.6,2002
GOA,71.4,2002
GOA,1.2,2002
MAHARASHTRA,1.3,2002
MAHARASHTRA,3.9,2002
MAHARASHTRA,1.2,2002
MAHARASHTRA,8.7,2002
MAHARASHTRA,12.8,2002
MAHARASHTRA,17.1,2002
MAHARASHTRA,118.3,2002
MAHARASHTRA,184.5,2002
MAHARASHTRA,125.4,2002
MAHARASHTRA,59.3,2002
MAHARASHTRA,13.9,2002
MAHARASHTRA,2.8,2002
MAHARASHTRA,0.5,2002
MAHARASHTRA,0,2002
MAHARASHTRA,5.3,2002
MAHARASHTRA,8.4,2002
MAHARASHTRA,47.4,2002
MAHARASHTRA,68.9,2002
MAHARASHTRA,33.2,2002
MAHARASHTRA,128.5,2002
MAHARASHTRA,155.8,2002
MAHARASHTRA,69.3,2002
MAHARASHTRA,135.6,2002
MAHARASHTRA,35.4,2002
MAHARASHTRA,4.8,2002
MAHARASHTRA,10.2,2002
MAHARASHTRA,0.5,2002
MAHARASHTRA,0.8,2002
MAHARASHTRA,5.9,2002
MAHARASHTRA,29.1,2002
MAHARASHTRA,189.3,2002
MAHARASHTRA,198.5,2002
MAHARASHTRA,183.9,2002
MAHARASHTRA,1.1,2002
MAHARASHTRA,3.5,2002
MAHARASHTRA,12.8,2002
CHHATTISGARH,14.4,2002
CHHATTISGARH,0.4,2002
CHHATTISGARH,3.5,2002
CHHATTISGARH,62.2,2002
CHHATTISGARH,80.2,2002
CHHATTISGARH,682.7,2002
CHHATTISGARH,1200.2,2002
CHHATTISGARH,637.5,2002
CHHATTISGARH,468.4,2002
CHHATTISGARH,294.7,2002
CHHATTISGARH,231.5,2002
CHHATTISGARH,11,2002
ANDHRA PRADESH,43.9,2002
ANDHRA PRADESH,97.4,2002
ANDHRA PRADESH,49.7,2002
ANDHRA PRADESH,62.4,2002
ANDHRA PRADESH,45.1,2002
ANDHRA PRADESH,118.3,2002
ANDHRA PRADESH,177.7,2002
ANDHRA PRADESH,380.2,2002
ANDHRA PRADESH,120.3,2002
ANDHRA PRADESH,6,2002
ANDHRA PRADESH,0.3,2002
ANDHRA PRADESH,6.9,2002
TELANGANA,2.1,2002
TELANGANA,12.4,2002
TELANGANA,12.4,2002
TELANGANA,80.2,2002
TELANGANA,83.5,2002
TELANGANA,177.1,2002
TELANGANA,202.4,2002
TELANGANA,199.5,2002
TELANGANA,111.2,2002
TELANGANA,144.8,2002
TELANGANA,56.7,2002
TELANGANA,5,2002
RAYALSEEMA,0.5,2002
RAYALSEEMA,0,2002
RAYALSEEMA,0,2002
RAYALSEEMA,9.5,2002
RAYALSEEMA,10.4,2002
RAYALSEEMA,5.3,2002
RAYALSEEMA,40.4,2002
RAYALSEEMA,166.7,2002
RAYALSEEMA,92,2002
RAYALSEEMA,1.9,2002
RAYALSEEMA,0,2002
RAYALSEEMA,0.6,2002
TAMIL NADU,19.2,2002
TAMIL NADU,0.1,2002
TAMIL NADU,1.6,2002
TAMIL NADU,76.8,2002
TAMIL NADU,21.2,2002
TAMIL NADU,327,2002
TAMIL NADU,231.5,2002
TAMIL NADU,381.2,2002
TAMIL NADU,179.8,2002
TAMIL NADU,145.9,2002
TAMIL NADU,12.4,2002
TAMIL NADU,8.8,2002
KARNATAKA,1.7,2002
KARNATAKA,31.1,2002
KARNATAKA,8.5,2002
KARNATAKA,2.8,2002
KARNATAKA,0.4,2002
KARNATAKA,263.7,2002
KARNATAKA,485.1,2002
KARNATAKA,432.6,2002
KARNATAKA,98.9,2002
KARNATAKA,68.7,2002
KARNATAKA,0.3,2002
KARNATAKA,2.4,2002
KARNATAKA,19,2002
KARNATAKA,101.9,2002
KARNATAKA,80.3,2002
KARNATAKA,86.7,2002
KARNATAKA,299,2002
KARNATAKA,415.8,2002
KARNATAKA,392.4,2002
KARNATAKA,599.6,2002
KARNATAKA,343,2002
KARNATAKA,35.1,2002
KARNATAKA,20.1,2002
KARNATAKA,10.2,2002
KARNATAKA,5.7,2002
KARNATAKA,0.1,2002
KARNATAKA,0.2,2002
KARNATAKA,1,2002
KARNATAKA,1.3,2002
KARNATAKA,11.6,2002
KARNATAKA,307.5,2002
KARNATAKA,138.6,2002
KARNATAKA,235.1,2002
KARNATAKA,3.3,2002
KARNATAKA,1.3,2002
KARNATAKA,0,2002
KERALA,14.4,2002
KERALA,14.2,2002
KERALA,21.6,2002
KERALA,253.5,2002
KERALA,198.3,2002
KERALA,283.9,2002
KERALA,413.6,2002
KERALA,334.2,2002
KERALA,255.9,2002
KERALA,118.7,2002
KERALA,3.9,2002
KERALA,10,2002
LAKSHADWEEP,2.7,2002
LAKSHADWEEP,0,2002
LAKSHADWEEP,36.8,2002
LAKSHADWEEP,3.6,2002
LAKSHADWEEP,11.3,2002
LAKSHADWEEP,764,2002
LAKSHADWEEP,526.5,2002
LAKSHADWEEP,377.3,2002
LAKSHADWEEP,240.9,2002
LAKSHADWEEP,91.4,2002
LAKSHADWEEP,27.3,2002
LAKSHADWEEP,0,2002
ANDAMAN & NICOBAR ISLANDS,17.9,2003
ANDAMAN & NICOBAR ISLANDS,5.3,2003
ANDAMAN & NICOBAR ISLANDS,31.9,2003
ANDAMAN & NICOBAR ISLANDS,77.8,2003
ANDAMAN & NICOBAR ISLANDS,33,2003
ANDAMAN & NICOBAR ISLANDS,197.6,2003
ANDAMAN & NICOBAR ISLANDS,303.4,2003
ANDAMAN & NICOBAR ISLANDS,479.9,2003
ANDAMAN & NICOBAR ISLANDS,234.6,2003
ANDAMAN & NICOBAR ISLANDS,37,2003
ANDAMAN & NICOBAR ISLANDS,27.4,2003
ANDAMAN & NICOBAR ISLANDS,58.8,2003
ARUNACHAL PRADESH,16.3,2003
ARUNACHAL PRADESH,0,2003
ARUNACHAL PRADESH,2.5,2003
ARUNACHAL PRADESH,18.4,2003
ARUNACHAL PRADESH,8.4,2003
ARUNACHAL PRADESH,108,2003
ARUNACHAL PRADESH,248.4,2003
ARUNACHAL PRADESH,265.8,2003
ARUNACHAL PRADESH,145.7,2003
ARUNACHAL PRADESH,77.4,2003
ARUNACHAL PRADESH,69.9,2003
ARUNACHAL PRADESH,78.5,2003
ASSAM,8.4,2003
ASSAM,11.2,2003
ASSAM,23.6,2003
ASSAM,26.6,2003
ASSAM,38.2,2003
ASSAM,96.6,2003
ASSAM,465.1,2003
ASSAM,377.4,2003
ASSAM,188,2003
ASSAM,83,2003
ASSAM,14.5,2003
MEGHALAYA,0,2003
NAGALAND,12.6,2003
NAGALAND,35.7,2003
NAGALAND,24.7,2003
NAGALAND,38.9,2003
NAGALAND,33.6,2003
NAGALAND,136.2,2003
NAGALAND,214.1,2003
NAGALAND,252.2,2003
NAGALAND,255.5,2003
NAGALAND,178.6,2003
NAGALAND,128.6,2003
NAGALAND,0,2003
WEST BENGAL,19.3,2003
WEST BENGAL,1.1,2003
WEST BENGAL,0,2003
WEST BENGAL,0,2003
WEST BENGAL,8.3,2003
WEST BENGAL,66.3,2003
WEST BENGAL,215.1,2003
WEST BENGAL,180.5,2003
WEST BENGAL,261.6,2003
WEST BENGAL,33.4,2003
WEST BENGAL,0.1,2003
WEST BENGAL,0.7,2003
WEST BENGAL,0.8,2003
WEST BENGAL,5.1,2003
WEST BENGAL,0.5,2003
WEST BENGAL,11.1,2003
WEST BENGAL,68.8,2003
WEST BENGAL,57.6,2003
WEST BENGAL,50.6,2003
WEST BENGAL,97.4,2003
WEST BENGAL,63.3,2003
WEST BENGAL,100.2,2003
WEST BENGAL,69.8,2003
WEST BENGAL,12,2003
ORISSA,17.1,2003
ORISSA,29.1,2003
ORISSA,1.4,2003
ORISSA,1.3,2003
ORISSA,22.8,2003
ORISSA,58.9,2003
ORISSA,146.8,2003
ORISSA,87.9,2003
ORISSA,17.5,2003
ORISSA,0,2003
ORISSA,0.4,2003
ORISSA,1.2,2003
JHARKHAND,14.9,2003
JHARKHAND,0.5,2003
JHARKHAND,0.9,2003
JHARKHAND,25.8,2003
JHARKHAND,216.4,2003
JHARKHAND,966.8,2003
JHARKHAND,915.6,2003
JHARKHAND,741.7,2003
JHARKHAND,279.2,2003
JHARKHAND,174.7,2003
JHARKHAND,12.5,2003
JHARKHAND,2.4,2003
BIHAR,30.5,2003
BIHAR,35.7,2003
BIHAR,105.8,2003
BIHAR,66.9,2003
BIHAR,67.3,2003
BIHAR,153.8,2003
BIHAR,239.5,2003
BIHAR,202.3,2003
BIHAR,26.9,2003
BIHAR,5,2003
BIHAR,20.8,2003
BIHAR,37.3,2003
UTTAR PRADESH,0.5,2003
UTTAR PRADESH,1.1,2003
UTTAR PRADESH,1.7,2003
UTTAR PRADESH,90.6,2003
UTTAR PRADESH,30.4,2003
UTTAR PRADESH,127.2,2003
UTTAR PRADESH,168.2,2003
UTTAR PRADESH,152,2003
UTTAR PRADESH,189.9,2003
UTTAR PRADESH,122.7,2003
UTTAR PRADESH,40,2003
UTTAR PRADESH,2.1,2003
UTTAR PRADESH,0.3,2003
UTTAR PRADESH,2.6,2003
UTTAR PRADESH,1,2003
UTTAR PRADESH,1.4,2003
UTTAR PRADESH,11.2,2003
UTTAR PRADESH,26.9,2003
UTTAR PRADESH,2.4,2003
UTTAR PRADESH,17.2,2003
UTTAR PRADESH,20.6,2003
UTTAR PRADESH,0.1,2003
UTTAR PRADESH,2.5,2003
UTTAR PRADESH,6,2003
UTTARAKHAND,10.8,2003
UTTARAKHAND,16.8,2003
UTTARAKHAND,7.2,2003
UTTARAKHAND,23.4,2003
UTTARAKHAND,189.8,2003
UTTARAKHAND,261.8,2003
UTTARAKHAND,81.3,2003
UTTARAKHAND,143.9,2003
UTTARAKHAND,50,2003
UTTARAKHAND,178.2,2003
UTTARAKHAND,52.9,2003
UTTARAKHAND,17.4,2003
HARYANA,1.1,2003
HARYANA,21.1,2003
HARYANA,0.1,2003
HARYANA,1,2003
HARYANA,0.3,2003
HARYANA,128.7,2003
HARYANA,307.5,2003
HARYANA,228,2003
HARYANA,254.9,2003
HARYANA,0.9,2003
HARYANA,0.2,2003
HARYANA,2.5,2003
PUNJAB,38,2003
PUNJAB,39.1,2003
PUNJAB,175.5,2003
PUNJAB,210.2,2003
PUNJAB,298.7,2003
PUNJAB,402.9,2003
PUNJAB,654.3,2003
PUNJAB,243,2003
PUNJAB,278.5,2003
PUNJAB,184.8,2003
PUNJAB,5.6,2003
PUNJAB,15.2,2003
HIMACHAL PRADESH,0,2003
HIMACHAL PRADESH,0,2003
HIMACHAL PRADESH,0,2003
HIMACHAL PRADESH,0,2003
HIMACHAL PRADESH,4.4,2003
HIMACHAL PRADESH,135.5,2003
HIMACHAL PRADESH,238.2,2003
HIMACHAL PRADESH,553.7,2003
HIMACHAL PRADESH,51.8,2003
HIMACHAL PRADESH,22.2,2003
HIMACHAL PRADESH,0,2003
HIMACHAL PRADESH,0,2003
JAMMU & KASHMIR,6.4,2003
JAMMU & KASHMIR,15,2003
JAMMU & KASHMIR,118.6,2003
JAMMU & KASHMIR,98.1,2003
JAMMU & KASHMIR,237,2003
JAMMU & KASHMIR,212.3,2003
JAMMU & KASHMIR,301.5,2003
JAMMU & KASHMIR,334.8,2003
JAMMU & KASHMIR,292.6,2003
JAMMU & KASHMIR,194.3,2003
JAMMU & KASHMIR,15.6,2003
JAMMU & KASHMIR,10.5,2003
RAJASTHAN,1.3,2003
RAJASTHAN,0.1,2003
RAJASTHAN,1.9,2003
RAJASTHAN,4,2003
RAJASTHAN,9.8,2003
RAJASTHAN,730.2,2003
RAJASTHAN,1340.9,2003
RAJASTHAN,772.2,2003
RAJASTHAN,678.8,2003
RAJASTHAN,76.5,2003
RAJASTHAN,0,2003
RAJASTHAN,0.1,2003
RAJASTHAN,0.8,2003
RAJASTHAN,3,2003
RAJASTHAN,10.6,2003
RAJASTHAN,60.5,2003
RAJASTHAN,120.8,2003
RAJASTHAN,221,2003
RAJASTHAN,486.6,2003
RAJASTHAN,320.3,2003
RAJASTHAN,380.9,2003
RAJASTHAN,49.7,2003
RAJASTHAN,5.9,2003
RAJASTHAN,0.3,2003
MADHYA PRADESH,0,2003
MADHYA PRADESH,0,2003
MADHYA PRADESH,30.7,2003
MADHYA PRADESH,1.6,2003
MADHYA PRADESH,26.7,2003
MADHYA PRADESH,134.7,2003
MADHYA PRADESH,116.2,2003
MADHYA PRADESH,301.3,2003
MADHYA PRADESH,209.4,2003
MADHYA PRADESH,47.7,2003
MADHYA PRADESH,4.6,2003
MADHYA PRADESH,0,2003
MADHYA PRADESH,1.7,2003
MADHYA PRADESH,48.4,2003
MADHYA PRADESH,25.5,2003
MADHYA PRADESH,22.3,2003
MADHYA PRADESH,58.1,2003
MADHYA PRADESH,125.4,2003
MADHYA PRADESH,430.4,2003
MADHYA PRADESH,353.6,2003
MADHYA PRADESH,324.7,2003
MADHYA PRADESH,39.6,2003
MADHYA PRADESH,7.6,2003
MADHYA PRADESH,0,2003
GUJARAT,0,2003
GUJARAT,15.7,2003
GUJARAT,6.2,2003
GUJARAT,11.4,2003
GUJARAT,10.4,2003
GUJARAT,259.4,2003
GUJARAT,309.9,2003
GUJARAT,338.8,2003
GUJARAT,259.1,2003
GUJARAT,67.8,2003
GUJARAT,2,2003
GUJARAT,0.5,2003
GUJARAT,3.1,2003
GUJARAT,2.4,2003
GUJARAT,0.2,2003
GUJARAT,3,2003
GUJARAT,16.1,2003
GUJARAT,223.7,2003
GUJARAT,341.6,2003
GUJARAT,239.6,2003
GUJARAT,112.7,2003
GUJARAT,10.3,2003
GUJARAT,0.6,2003
GUJARAT,0,2003
GOA,0.2,2003
GOA,18.6,2003
GOA,108.6,2003
GOA,15.7,2003
GOA,4.9,2003
GOA,132.9,2003
GOA,183.4,2003
GOA,391.8,2003
GOA,146.7,2003
GOA,24.2,2003
GOA,7.5,2003
GOA,0.8,2003
MAHARASHTRA,1.8,2003
MAHARASHTRA,27.6,2003
MAHARASHTRA,18.8,2003
MAHARASHTRA,18.4,2003
MAHARASHTRA,77.6,2003
MAHARASHTRA,41.9,2003
MAHARASHTRA,157.5,2003
MAHARASHTRA,202.6,2003
MAHARASHTRA,206.6,2003
MAHARASHTRA,81.3,2003
MAHARASHTRA,12.6,2003
MAHARASHTRA,0.9,2003
MAHARASHTRA,7.9,2003
MAHARASHTRA,0,2003
MAHARASHTRA,41,2003
MAHARASHTRA,41.4,2003
MAHARASHTRA,74.8,2003
MAHARASHTRA,27,2003
MAHARASHTRA,42.1,2003
MAHARASHTRA,96.9,2003
MAHARASHTRA,114.4,2003
MAHARASHTRA,62.1,2003
MAHARASHTRA,314.7,2003
MAHARASHTRA,106.2,2003
MAHARASHTRA,3.8,2003
MAHARASHTRA,13.8,2003
MAHARASHTRA,1.9,2003
MAHARASHTRA,0.7,2003
MAHARASHTRA,6,2003
MAHARASHTRA,41.8,2003
MAHARASHTRA,143.8,2003
MAHARASHTRA,96.7,2003
MAHARASHTRA,112.8,2003
MAHARASHTRA,4.7,2003
MAHARASHTRA,1.1,2003
MAHARASHTRA,24.4,2003
CHHATTISGARH,9.6,2003
CHHATTISGARH,2.5,2003
CHHATTISGARH,0.5,2003
CHHATTISGARH,15.5,2003
CHHATTISGARH,39.5,2003
CHHATTISGARH,110.1,2003
CHHATTISGARH,193.5,2003
CHHATTISGARH,207.5,2003
CHHATTISGARH,119.2,2003
CHHATTISGARH,82.1,2003
CHHATTISGARH,71.9,2003
CHHATTISGARH,1.2,2003
ANDHRA PRADESH,43.4,2003
ANDHRA PRADESH,211.6,2003
ANDHRA PRADESH,97.8,2003
ANDHRA PRADESH,89,2003
ANDHRA PRADESH,32.4,2003
ANDHRA PRADESH,72.5,2003
ANDHRA PRADESH,81.6,2003
ANDHRA PRADESH,131.2,2003
ANDHRA PRADESH,72,2003
ANDHRA PRADESH,19.4,2003
ANDHRA PRADESH,12.9,2003
ANDHRA PRADESH,23.8,2003
TELANGANA,20.5,2003
TELANGANA,45.7,2003
TELANGANA,24.1,2003
TELANGANA,165.2,2003
TELANGANA,124.2,2003
TELANGANA,788.5,2003
TELANGANA,536.8,2003
TELANGANA,492.7,2003
TELANGANA,391.2,2003
TELANGANA,227.2,2003
TELANGANA,169.7,2003
TELANGANA,49.5,2003
RAYALSEEMA,1.9,2003
RAYALSEEMA,0,2003
RAYALSEEMA,0,2003
RAYALSEEMA,3.6,2003
RAYALSEEMA,9.5,2003
RAYALSEEMA,11.2,2003
RAYALSEEMA,170.5,2003
RAYALSEEMA,365,2003
RAYALSEEMA,131.3,2003
RAYALSEEMA,0.5,2003
RAYALSEEMA,0,2003
RAYALSEEMA,0.1,2003
TAMIL NADU,67.1,2003
TAMIL NADU,37.6,2003
TAMIL NADU,43,2003
TAMIL NADU,46.3,2003
TAMIL NADU,509.3,2003
TAMIL NADU,777,2003
TAMIL NADU,564.8,2003
TAMIL NADU,336.7,2003
TAMIL NADU,473.6,2003
TAMIL NADU,455.8,2003
TAMIL NADU,354.2,2003
TAMIL NADU,92.3,2003
KARNATAKA,2,2003
KARNATAKA,43.4,2003
KARNATAKA,14.1,2003
KARNATAKA,9.5,2003
KARNATAKA,0.3,2003
KARNATAKA,311.9,2003
KARNATAKA,456.2,2003
KARNATAKA,480.8,2003
KARNATAKA,78,2003
KARNATAKA,124.2,2003
KARNATAKA,0.5,2003
KARNATAKA,1,2003
KARNATAKA,2,2003
KARNATAKA,28.3,2003
KARNATAKA,29.3,2003
KARNATAKA,51.5,2003
KARNATAKA,351.1,2003
KARNATAKA,426.4,2003
KARNATAKA,374.4,2003
KARNATAKA,484.6,2003
KARNATAKA,420.2,2003
KARNATAKA,35,2003
KARNATAKA,3,2003
KARNATAKA,0.4,2003
KARNATAKA,0.3,2003
KARNATAKA,0,2003
KARNATAKA,0.1,2003
KARNATAKA,0.5,2003
KARNATAKA,2.1,2003
KARNATAKA,17.3,2003
KARNATAKA,137.7,2003
KARNATAKA,118.8,2003
KARNATAKA,99.2,2003
KARNATAKA,5.2,2003
KARNATAKA,2.7,2003
KARNATAKA,0,2003
KERALA,15.7,2003
KERALA,15,2003
KERALA,64.8,2003
KERALA,149,2003
KERALA,304.6,2003
KERALA,508.2,2003
KERALA,393.3,2003
KERALA,626.6,2003
KERALA,354.9,2003
KERALA,53.6,2003
KERALA,23.8,2003
KERALA,9,2003
LAKSHADWEEP,1.4,2003
LAKSHADWEEP,0.8,2003
LAKSHADWEEP,41.2,2003
LAKSHADWEEP,9.6,2003
LAKSHADWEEP,24.4,2003
LAKSHADWEEP,177,2003
LAKSHADWEEP,111.7,2003
LAKSHADWEEP,67.2,2003
LAKSHADWEEP,146.6,2003
LAKSHADWEEP,48.3,2003
LAKSHADWEEP,16.2,2003
LAKSHADWEEP,0.1,2003
ANDAMAN & NICOBAR ISLANDS,9.5,2004
ANDAMAN & NICOBAR ISLANDS,3.7,2004
ANDAMAN & NICOBAR ISLANDS,1.5,2004
ANDAMAN & NICOBAR ISLANDS,29.4,2004
ANDAMAN & NICOBAR ISLANDS,25.2,2004
ANDAMAN & NICOBAR ISLANDS,230.4,2004
ANDAMAN & NICOBAR ISLANDS,400.5,2004
ANDAMAN & NICOBAR ISLANDS,431.6,2004
ANDAMAN & NICOBAR ISLANDS,199.6,2004
ANDAMAN & NICOBAR ISLANDS,54.3,2004
ANDAMAN & NICOBAR ISLANDS,39,2004
ANDAMAN & NICOBAR ISLANDS,36.6,2004
ARUNACHAL PRADESH,6.3,2004
ARUNACHAL PRADESH,0.1,2004
ARUNACHAL PRADESH,2.2,2004
ARUNACHAL PRADESH,45.7,2004
ARUNACHAL PRADESH,7.2,2004
ARUNACHAL PRADESH,153.8,2004
ARUNACHAL PRADESH,384.6,2004
ARUNACHAL PRADESH,414.7,2004
ARUNACHAL PRADESH,167.5,2004
ARUNACHAL PRADESH,30.2,2004
ARUNACHAL PRADESH,51.4,2004
ARUNACHAL PRADESH,53.5,2004
MEGHALAYA,9.5,2004
MEGHALAYA,8.6,2004
MEGHALAYA,14.2,2004
MEGHALAYA,6.6,2004
MEGHALAYA,20.1,2004
MEGHALAYA,55.4,2004
MEGHALAYA,218.3,2004
MEGHALAYA,247,2004
MEGHALAYA,63.8,2004
MEGHALAYA,14.5,2004
MEGHALAYA,3,2004
MEGHALAYA,0,2004
NAGALAND,5.2,2004
NAGALAND,22.2,2004
NAGALAND,15.2,2004
NAGALAND,15.5,2004
NAGALAND,27.9,2004
NAGALAND,149.4,2004
NAGALAND,264,2004
NAGALAND,290.5,2004
NAGALAND,209.3,2004
NAGALAND,79.4,2004
NAGALAND,14.5,2004
NAGALAND,0,2004
WEST BENGAL,33,2004
WEST BENGAL,11.4,2004
WEST BENGAL,1.4,2004
WEST BENGAL,1.2,2004
WEST BENGAL,50.5,2004
WEST BENGAL,158.9,2004
WEST BENGAL,389,2004
WEST BENGAL,285.5,2004
WEST BENGAL,217.9,2004
WEST BENGAL,32,2004
WEST BENGAL,0.1,2004
WEST BENGAL,4.7,2004
WEST BENGAL,8.3,2004
WEST BENGAL,24.1,2004
WEST BENGAL,3.9,2004
WEST BENGAL,56.9,2004
WEST BENGAL,74.5,2004
WEST BENGAL,46.4,2004
WEST BENGAL,55.3,2004
WEST BENGAL,74.8,2004
WEST BENGAL,73.1,2004
WEST BENGAL,268.9,2004
WEST BENGAL,182.8,2004
WEST BENGAL,53.6,2004
ORISSA,25.4,2004
ORISSA,26.6,2004
ORISSA,6.9,2004
ORISSA,1.3,2004
ORISSA,15.3,2004
ORISSA,50.1,2004
ORISSA,164.8,2004
ORISSA,70,2004
ORISSA,42,2004
ORISSA,0,2004
ORISSA,0.7,2004
ORISSA,2.2,2004
JHARKHAND,0.4,2004
JHARKHAND,2.6,2004
JHARKHAND,0.1,2004
JHARKHAND,8.4,2004
JHARKHAND,49,2004
JHARKHAND,107.5,2004
JHARKHAND,127.1,2004
JHARKHAND,164.6,2004
JHARKHAND,134.4,2004
JHARKHAND,115.1,2004
JHARKHAND,2.8,2004
JHARKHAND,0.5,2004
BIHAR,17.4,2004
BIHAR,54.3,2004
BIHAR,81.7,2004
BIHAR,92.8,2004
BIHAR,69.6,2004
BIHAR,121.7,2004
BIHAR,243.9,2004
BIHAR,126.7,2004
BIHAR,53.9,2004
BIHAR,12.7,2004
BIHAR,51.6,2004
BIHAR,26.4,2004
UTTAR PRADESH,16.5,2004
UTTAR PRADESH,28.3,2004
UTTAR PRADESH,7,2004
UTTAR PRADESH,238,2004
UTTAR PRADESH,238.6,2004
UTTAR PRADESH,715.3,2004
UTTAR PRADESH,598.5,2004
UTTAR PRADESH,361.3,2004
UTTAR PRADESH,216.8,2004
UTTAR PRADESH,319.6,2004
UTTAR PRADESH,181,2004
UTTAR PRADESH,10.1,2004
UTTAR PRADESH,1.6,2004
UTTAR PRADESH,11,2004
UTTAR PRADESH,0.1,2004
UTTAR PRADESH,1.2,2004
UTTAR PRADESH,8.6,2004
UTTAR PRADESH,71.4,2004
UTTAR PRADESH,13.5,2004
UTTAR PRADESH,130.6,2004
UTTAR PRADESH,41.2,2004
UTTAR PRADESH,0.8,2004
UTTAR PRADESH,0.8,2004
UTTAR PRADESH,4.5,2004
UTTARAKHAND,44.3,2004
UTTARAKHAND,7.9,2004
UTTARAKHAND,149.2,2004
UTTARAKHAND,19.4,2004
UTTARAKHAND,296.3,2004
UTTARAKHAND,159.9,2004
UTTARAKHAND,494.9,2004
UTTARAKHAND,379.4,2004
UTTARAKHAND,371.9,2004
UTTARAKHAND,310.4,2004
UTTARAKHAND,74.1,2004
UTTARAKHAND,48,2004
HARYANA,0.7,2004
HARYANA,59.6,2004
HARYANA,2.2,2004
HARYANA,1,2004
HARYANA,0.4,2004
HARYANA,119.9,2004
HARYANA,366.8,2004
HARYANA,370.2,2004
HARYANA,493.3,2004
HARYANA,20.5,2004
HARYANA,0.5,2004
HARYANA,2.9,2004
PUNJAB,15.3,2004
PUNJAB,19.5,2004
PUNJAB,72.8,2004
PUNJAB,340.8,2004
PUNJAB,342.2,2004
PUNJAB,397.9,2004
PUNJAB,848.4,2004
PUNJAB,286.2,2004
PUNJAB,317.2,2004
PUNJAB,340.8,2004
PUNJAB,6.5,2004
PUNJAB,6.6,2004
HIMACHAL PRADESH,0.2,2004
HIMACHAL PRADESH,0,2004
HIMACHAL PRADESH,0,2004
HIMACHAL PRADESH,0,2004
HIMACHAL PRADESH,13.6,2004
HIMACHAL PRADESH,95,2004
HIMACHAL PRADESH,90,2004
HIMACHAL PRADESH,227.7,2004
HIMACHAL PRADESH,36.1,2004
HIMACHAL PRADESH,19.7,2004
HIMACHAL PRADESH,0,2004
HIMACHAL PRADESH,0,2004
JAMMU & KASHMIR,19.5,2004
JAMMU & KASHMIR,21,2004
JAMMU & KASHMIR,132.1,2004
JAMMU & KASHMIR,155.5,2004
JAMMU & KASHMIR,254,2004
JAMMU & KASHMIR,446.5,2004
JAMMU & KASHMIR,704.3,2004
JAMMU & KASHMIR,564.5,2004
JAMMU & KASHMIR,229.9,2004
JAMMU & KASHMIR,271.1,2004
JAMMU & KASHMIR,8.8,2004
JAMMU & KASHMIR,0.5,2004
RAJASTHAN,3.6,2004
RAJASTHAN,0.4,2004
RAJASTHAN,1.6,2004
RAJASTHAN,11.1,2004
RAJASTHAN,7.8,2004
RAJASTHAN,240.5,2004
RAJASTHAN,361.2,2004
RAJASTHAN,256.1,2004
RAJASTHAN,276.4,2004
RAJASTHAN,62.7,2004
RAJASTHAN,0,2004
RAJASTHAN,0,2004
RAJASTHAN,0.2,2004
RAJASTHAN,0,2004
RAJASTHAN,29.9,2004
RAJASTHAN,25,2004
RAJASTHAN,105.6,2004
RAJASTHAN,175.2,2004
RAJASTHAN,454,2004
RAJASTHAN,624.9,2004
RAJASTHAN,254.7,2004
RAJASTHAN,26.4,2004
RAJASTHAN,21,2004
RAJASTHAN,0,2004
MADHYA PRADESH,0,2004
MADHYA PRADESH,0,2004
MADHYA PRADESH,50.6,2004
MADHYA PRADESH,16.2,2004
MADHYA PRADESH,20.9,2004
MADHYA PRADESH,115,2004
MADHYA PRADESH,360.8,2004
MADHYA PRADESH,421.4,2004
MADHYA PRADESH,175.8,2004
MADHYA PRADESH,43.7,2004
MADHYA PRADESH,11.1,2004
MADHYA PRADESH,0,2004
MADHYA PRADESH,0.2,2004
MADHYA PRADESH,34.2,2004
MADHYA PRADESH,25.4,2004
MADHYA PRADESH,20.3,2004
MADHYA PRADESH,94.4,2004
MADHYA PRADESH,170.4,2004
MADHYA PRADESH,549.4,2004
MADHYA PRADESH,340.6,2004
MADHYA PRADESH,309,2004
MADHYA PRADESH,39.6,2004
MADHYA PRADESH,9.1,2004
MADHYA PRADESH,7.5,2004
GUJARAT,0,2004
GUJARAT,5.1,2004
GUJARAT,0.1,2004
GUJARAT,8.5,2004
GUJARAT,13,2004
GUJARAT,300.1,2004
GUJARAT,141,2004
GUJARAT,164.4,2004
GUJARAT,287.1,2004
GUJARAT,167.7,2004
GUJARAT,11.9,2004
GUJARAT,0.5,2004
GUJARAT,0.9,2004
GUJARAT,0.2,2004
GUJARAT,0,2004
GUJARAT,4,2004
GUJARAT,24.8,2004
GUJARAT,193.8,2004
GUJARAT,258.5,2004
GUJARAT,217.4,2004
GUJARAT,90.9,2004
GUJARAT,5.1,2004
GUJARAT,4,2004
GUJARAT,0,2004
GOA,6.4,2004
GOA,18.7,2004
GOA,62.9,2004
GOA,4.1,2004
GOA,42.1,2004
GOA,31.7,2004
GOA,81.4,2004
GOA,104.9,2004
GOA,121.7,2004
GOA,126,2004
GOA,192.1,2004
GOA,5.9,2004
MAHARASHTRA,4.1,2004
MAHARASHTRA,5.9,2004
MAHARASHTRA,5.7,2004
MAHARASHTRA,11.7,2004
MAHARASHTRA,17.7,2004
MAHARASHTRA,15.2,2004
MAHARASHTRA,106.4,2004
MAHARASHTRA,63.8,2004
MAHARASHTRA,160.8,2004
MAHARASHTRA,2.5,2004
MAHARASHTRA,1.1,2004
MAHARASHTRA,0.4,2004
MAHARASHTRA,0.4,2004
MAHARASHTRA,0,2004
MAHARASHTRA,35.2,2004
MAHARASHTRA,24.5,2004
MAHARASHTRA,100.7,2004
MAHARASHTRA,450.3,2004
MAHARASHTRA,1778.9,2004
MAHARASHTRA,486.1,2004
MAHARASHTRA,530.7,2004
MAHARASHTRA,287.4,2004
MAHARASHTRA,132.4,2004
MAHARASHTRA,35.4,2004
MAHARASHTRA,25.5,2004
MAHARASHTRA,96.6,2004
MAHARASHTRA,45.1,2004
MAHARASHTRA,60.3,2004
MAHARASHTRA,81.4,2004
MAHARASHTRA,108.5,2004
MAHARASHTRA,291.8,2004
MAHARASHTRA,274.1,2004
MAHARASHTRA,176.7,2004
MAHARASHTRA,30.5,2004
MAHARASHTRA,10.8,2004
MAHARASHTRA,58.1,2004
CHHATTISGARH,7.9,2004
CHHATTISGARH,1.7,2004
CHHATTISGARH,5.6,2004
CHHATTISGARH,71.1,2004
CHHATTISGARH,94.9,2004
CHHATTISGARH,129.1,2004
CHHATTISGARH,235.1,2004
CHHATTISGARH,228.1,2004
CHHATTISGARH,150.7,2004
CHHATTISGARH,129.6,2004
CHHATTISGARH,183.5,2004
CHHATTISGARH,2.5,2004
ANDHRA PRADESH,0,2004
ANDHRA PRADESH,11.8,2004
ANDHRA PRADESH,1.5,2004
ANDHRA PRADESH,1.5,2004
ANDHRA PRADESH,7.8,2004
ANDHRA PRADESH,24.4,2004
ANDHRA PRADESH,88.5,2004
ANDHRA PRADESH,166.8,2004
ANDHRA PRADESH,116.3,2004
ANDHRA PRADESH,0.1,2004
ANDHRA PRADESH,0,2004
ANDHRA PRADESH,0,2004
TELANGANA,5.1,2004
TELANGANA,2.8,2004
TELANGANA,3.1,2004
TELANGANA,85.9,2004
TELANGANA,107.2,2004
TELANGANA,153.6,2004
TELANGANA,350.2,2004
TELANGANA,254,2004
TELANGANA,255.2,2004
TELANGANA,117.4,2004
TELANGANA,184.3,2004
TELANGANA,14.9,2004
RAYALSEEMA,6.2,2004
RAYALSEEMA,0,2004
RAYALSEEMA,0,2004
RAYALSEEMA,0.9,2004
RAYALSEEMA,3.1,2004
RAYALSEEMA,48.2,2004
RAYALSEEMA,439.2,2004
RAYALSEEMA,341.2,2004
RAYALSEEMA,194.3,2004
RAYALSEEMA,2.1,2004
RAYALSEEMA,0,2004
RAYALSEEMA,0,2004
TAMIL NADU,18.5,2004
TAMIL NADU,40.5,2004
TAMIL NADU,115.1,2004
TAMIL NADU,175.1,2004
TAMIL NADU,335.8,2004
TAMIL NADU,290,2004
TAMIL NADU,329.6,2004
TAMIL NADU,230.2,2004
TAMIL NADU,316.1,2004
TAMIL NADU,164.1,2004
TAMIL NADU,13.3,2004
TAMIL NADU,14.6,2004
KARNATAKA,0,2004
KARNATAKA,0.9,2004
KARNATAKA,0.1,2004
KARNATAKA,4.6,2004
KARNATAKA,0,2004
KARNATAKA,155.7,2004
KARNATAKA,405.4,2004
KARNATAKA,211.1,2004
KARNATAKA,287.3,2004
KARNATAKA,53.2,2004
KARNATAKA,0.1,2004
KARNATAKA,0,2004
KARNATAKA,1.2,2004
KARNATAKA,21,2004
KARNATAKA,25.4,2004
KARNATAKA,49.6,2004
KARNATAKA,192.5,2004
KARNATAKA,268.3,2004
KARNATAKA,295.7,2004
KARNATAKA,372.3,2004
KARNATAKA,300.9,2004
KARNATAKA,69.6,2004
KARNATAKA,3.3,2004
KARNATAKA,0.1,2004
KARNATAKA,1.3,2004
KARNATAKA,5.3,2004
KARNATAKA,1.8,2004
KARNATAKA,0.7,2004
KARNATAKA,21.3,2004
KARNATAKA,238.2,2004
KARNATAKA,1293.2,2004
KARNATAKA,658,2004
KARNATAKA,419.5,2004
KARNATAKA,98.7,2004
KARNATAKA,8,2004
KARNATAKA,11.7,2004
KERALA,12.9,2004
KERALA,5.5,2004
KERALA,19.3,2004
KERALA,88.7,2004
KERALA,57.6,2004
KERALA,247.2,2004
KERALA,633.1,2004
KERALA,260.6,2004
KERALA,164,2004
KERALA,32.7,2004
KERALA,2.3,2004
KERALA,6.3,2004
LAKSHADWEEP,10.1,2004
LAKSHADWEEP,1.6,2004
LAKSHADWEEP,32,2004
LAKSHADWEEP,39.6,2004
LAKSHADWEEP,12.3,2004
LAKSHADWEEP,118.3,2004
LAKSHADWEEP,27.4,2004
LAKSHADWEEP,112.2,2004
LAKSHADWEEP,154.3,2004
LAKSHADWEEP,19.5,2004
LAKSHADWEEP,4.8,2004
LAKSHADWEEP,0,2004
ANDAMAN & NICOBAR ISLANDS,10.5,2005
ANDAMAN & NICOBAR ISLANDS,1.1,2005
ANDAMAN & NICOBAR ISLANDS,2.9,2005
ANDAMAN & NICOBAR ISLANDS,29.3,2005
ANDAMAN & NICOBAR ISLANDS,42.2,2005
ANDAMAN & NICOBAR ISLANDS,211,2005
ANDAMAN & NICOBAR ISLANDS,463.9,2005
ANDAMAN & NICOBAR ISLANDS,287.6,2005
ANDAMAN & NICOBAR ISLANDS,185.8,2005
ANDAMAN & NICOBAR ISLANDS,27.8,2005
ANDAMAN & NICOBAR ISLANDS,11,2005
ANDAMAN & NICOBAR ISLANDS,30.6,2005
ARUNACHAL PRADESH,15.1,2005
ARUNACHAL PRADESH,5.6,2005
ARUNACHAL PRADESH,19.7,2005
ARUNACHAL PRADESH,62.6,2005
ARUNACHAL PRADESH,25.2,2005
ARUNACHAL PRADESH,63.1,2005
ARUNACHAL PRADESH,156,2005
ARUNACHAL PRADESH,128.1,2005
ARUNACHAL PRADESH,315.5,2005
ARUNACHAL PRADESH,83.6,2005
ARUNACHAL PRADESH,51.7,2005
ARUNACHAL PRADESH,45.7,2005
MEGHALAYA,3.3,2005
MEGHALAYA,8.1,2005
MEGHALAYA,23.5,2005
MEGHALAYA,9,2005
MEGHALAYA,10.4,2005
MEGHALAYA,71.4,2005
MEGHALAYA,273.4,2005
MEGHALAYA,343.7,2005
MEGHALAYA,84.2,2005
MEGHALAYA,39.6,2005
MEGHALAYA,0.7,2005
MEGHALAYA,0,2005
NAGALAND,0.2,2005
NAGALAND,3.1,2005
NAGALAND,4.3,2005
NAGALAND,32.7,2005
MANIPUR,29,2005
MANIPUR,52.8,2005
MANIPUR,126.5,2005
MANIPUR,164.7,2005
MANIPUR,202,2005
MANIPUR,146.6,2005
MANIPUR,141.3,2005
MANIPUR,44.7,2005
WEST BENGAL,31.7,2005
WEST BENGAL,0.7,2005
WEST BENGAL,1.4,2005
WEST BENGAL,0,2005
WEST BENGAL,20.1,2005
WEST BENGAL,42.2,2005
WEST BENGAL,109.8,2005
WEST BENGAL,78.7,2005
WEST BENGAL,54.7,2005
WEST BENGAL,4.8,2005
WEST BENGAL,0,2005
WEST BENGAL,0.4,2005
WEST BENGAL,0,2005
WEST BENGAL,0.4,2005
WEST BENGAL,0.4,2005
WEST BENGAL,7.1,2005
WEST BENGAL,335.5,2005
WEST BENGAL,854.1,2005
WEST BENGAL,1525.9,2005
WEST BENGAL,518.4,2005
WEST BENGAL,186.5,2005
WEST BENGAL,338.2,2005
WEST BENGAL,12.8,2005
WEST BENGAL,0.5,2005
ORISSA,118.2,2005
ORISSA,119,2005
ORISSA,68.1,2005
ORISSA,25.6,2005
ORISSA,79.9,2005
ORISSA,198,2005
ORISSA,265.1,2005
ORISSA,126.7,2005
ORISSA,50.1,2005
ORISSA,0,2005
ORISSA,10.5,2005
ORISSA,6.9,2005
JHARKHAND,1.4,2005
JHARKHAND,15.5,2005
JHARKHAND,0.3,2005
JHARKHAND,46.3,2005
JHARKHAND,59.3,2005
JHARKHAND,167.5,2005
JHARKHAND,200.5,2005
JHARKHAND,300.6,2005
JHARKHAND,183.5,2005
JHARKHAND,206.2,2005
JHARKHAND,14.1,2005
JHARKHAND,12.1,2005
BIHAR,0.5,2005
BIHAR,1.1,2005
BIHAR,0.1,2005
BIHAR,9.5,2005
BIHAR,23.8,2005
BIHAR,48.6,2005
BIHAR,122.9,2005
BIHAR,68.7,2005
BIHAR,2.8,2005
BIHAR,7.3,2005
BIHAR,0,2005
BIHAR,0,2005
UTTAR PRADESH,4.4,2005
UTTAR PRADESH,20.4,2005
UTTAR PRADESH,0,2005
UTTAR PRADESH,104.6,2005
UTTAR PRADESH,187.3,2005
UTTAR PRADESH,283.9,2005
UTTAR PRADESH,198.9,2005
UTTAR PRADESH,144.3,2005
UTTAR PRADESH,213.5,2005
UTTAR PRADESH,105.2,2005
UTTAR PRADESH,101.5,2005
UTTAR PRADESH,16.6,2005
UTTAR PRADESH,0.4,2005
UTTAR PRADESH,19.7,2005
UTTAR PRADESH,1.5,2005
UTTAR PRADESH,1.7,2005
UTTAR PRADESH,3.9,2005
UTTAR PRADESH,138.9,2005
UTTAR PRADESH,46.9,2005
UTTAR PRADESH,317.7,2005
UTTAR PRADESH,141,2005
UTTAR PRADESH,5.9,2005
UTTAR PRADESH,5.9,2005
UTTAR PRADESH,0.8,2005
UTTARAKHAND,22.9,2005
UTTARAKHAND,83.2,2005
UTTARAKHAND,109.6,2005
UTTARAKHAND,182,2005
UTTARAKHAND,173.5,2005
UTTARAKHAND,424.3,2005
UTTARAKHAND,645.3,2005
UTTARAKHAND,327.2,2005
UTTARAKHAND,259.9,2005
UTTARAKHAND,182.6,2005
UTTARAKHAND,25,2005
UTTARAKHAND,16.2,2005
HARYANA,0,2005
HARYANA,6.1,2005
HARYANA,0.1,2005
HARYANA,0,2005
HARYANA,0,2005
HARYANA,209.3,2005
HARYANA,518.7,2005
HARYANA,314.6,2005
HARYANA,109.5,2005
HARYANA,1.9,2005
HARYANA,0,2005
HARYANA,0,2005
PUNJAB,4.8,2005
PUNJAB,2.7,2005
PUNJAB,11,2005
PUNJAB,341.5,2005
PUNJAB,211,2005
PUNJAB,449.2,2005
PUNJAB,558.6,2005
PUNJAB,284.3,2005
PUNJAB,351,2005
PUNJAB,132.7,2005
PUNJAB,6.4,2005
PUNJAB,0.5,2005
HIMACHAL PRADESH,0,2005
HIMACHAL PRADESH,0,2005
HIMACHAL PRADESH,0,2005
HIMACHAL PRADESH,10.4,2005
HIMACHAL PRADESH,46.9,2005
HIMACHAL PRADESH,678.6,2005
HIMACHAL PRADESH,902.3,2005
HIMACHAL PRADESH,1011.5,2005
HIMACHAL PRADESH,293.3,2005
HIMACHAL PRADESH,32.9,2005
HIMACHAL PRADESH,10.2,2005
HIMACHAL PRADESH,0,2005
JAMMU & KASHMIR,26.8,2005
JAMMU & KASHMIR,11.8,2005
JAMMU & KASHMIR,82.8,2005
JAMMU & KASHMIR,41.8,2005
JAMMU & KASHMIR,82.4,2005
JAMMU & KASHMIR,200.1,2005
JAMMU & KASHMIR,354.5,2005
JAMMU & KASHMIR,226.7,2005
JAMMU & KASHMIR,221.3,2005
JAMMU & KASHMIR,351.7,2005
JAMMU & KASHMIR,0,2005
JAMMU & KASHMIR,4.9,2005
RAJASTHAN,13.2,2005
RAJASTHAN,0.7,2005
RAJASTHAN,11.6,2005
RAJASTHAN,1.6,2005
RAJASTHAN,2.1,2005
RAJASTHAN,59.7,2005
RAJASTHAN,413.5,2005
RAJASTHAN,124.1,2005
RAJASTHAN,213.5,2005
RAJASTHAN,100.5,2005
RAJASTHAN,0,2005
RAJASTHAN,0,2005
RAJASTHAN,0.3,2005
RAJASTHAN,0.2,2005
RAJASTHAN,22.4,2005
RAJASTHAN,15.7,2005
RAJASTHAN,107.4,2005
RAJASTHAN,198.3,2005
RAJASTHAN,447.1,2005
RAJASTHAN,337.2,2005
RAJASTHAN,298.7,2005
RAJASTHAN,24.6,2005
RAJASTHAN,7.4,2005
RAJASTHAN,0,2005
MADHYA PRADESH,2.7,2005
MADHYA PRADESH,0,2005
MADHYA PRADESH,26.2,2005
MADHYA PRADESH,17.2,2005
MADHYA PRADESH,23.5,2005
MADHYA PRADESH,92.2,2005
MADHYA PRADESH,495.1,2005
MADHYA PRADESH,447.2,2005
MADHYA PRADESH,184.6,2005
MADHYA PRADESH,13.3,2005
MADHYA PRADESH,15.1,2005
MADHYA PRADESH,0.7,2005
MADHYA PRADESH,0.1,2005
MADHYA PRADESH,46.6,2005
MADHYA PRADESH,25.8,2005
MADHYA PRADESH,3.2,2005
MADHYA PRADESH,28.3,2005
MADHYA PRADESH,64.5,2005
MADHYA PRADESH,265.2,2005
MADHYA PRADESH,180.4,2005
MADHYA PRADESH,111.5,2005
MADHYA PRADESH,14.6,2005
MADHYA PRADESH,0,2005
MADHYA PRADESH,1.1,2005
GUJARAT,0,2005
GUJARAT,0,2005
GUJARAT,0.1,2005
GUJARAT,0.1,2005
GUJARAT,9.2,2005
GUJARAT,176.6,2005
GUJARAT,134.6,2005
GUJARAT,206.6,2005
GUJARAT,262.3,2005
GUJARAT,40.8,2005
GUJARAT,13,2005
GUJARAT,0,2005
GUJARAT,55.6,2005
GUJARAT,11.7,2005
GUJARAT,18.1,2005
GUJARAT,93,2005
GUJARAT,67.3,2005
GUJARAT,332.4,2005
GUJARAT,313.3,2005
GUJARAT,245.8,2005
GUJARAT,190.8,2005
GUJARAT,23.1,2005
GUJARAT,11.9,2005
GUJARAT,0.6,2005
GOA,11.7,2005
GOA,29.1,2005
GOA,164.7,2005
GOA,31.5,2005
GOA,53.7,2005
GOA,51.1,2005
GOA,73.1,2005
GOA,126.5,2005
GOA,70.7,2005
GOA,242.7,2005
GOA,298.5,2005
GOA,50.1,2005
MAHARASHTRA,9.4,2005
MAHARASHTRA,14.4,2005
MAHARASHTRA,10.5,2005
MAHARASHTRA,14,2005
MAHARASHTRA,5.6,2005
MAHARASHTRA,10.6,2005
MAHARASHTRA,158,2005
MAHARASHTRA,76.8,2005
MAHARASHTRA,54.7,2005
MAHARASHTRA,4,2005
MAHARASHTRA,2.7,2005
MAHARASHTRA,0.4,2005
MAHARASHTRA,0.3,2005
MAHARASHTRA,0,2005
MAHARASHTRA,9.9,2005
MAHARASHTRA,17.4,2005
MAHARASHTRA,63.1,2005
MAHARASHTRA,112,2005
MAHARASHTRA,134.9,2005
MAHARASHTRA,135.4,2005
MAHARASHTRA,215.6,2005
MAHARASHTRA,168.6,2005
MAHARASHTRA,42.3,2005
MAHARASHTRA,13.9,2005
MAHARASHTRA,30.9,2005
MAHARASHTRA,142.2,2005
MAHARASHTRA,34.9,2005
MAHARASHTRA,63.9,2005
MAHARASHTRA,128.3,2005
MAHARASHTRA,67.4,2005
MAHARASHTRA,137.3,2005
MAHARASHTRA,253.2,2005
MAHARASHTRA,65,2005
MAHARASHTRA,25,2005
MAHARASHTRA,13.6,2005
MAHARASHTRA,36.1,2005
CHHATTISGARH,18.6,2005
CHHATTISGARH,1,2005
CHHATTISGARH,31.4,2005
CHHATTISGARH,138.9,2005
CHHATTISGARH,190.6,2005
CHHATTISGARH,667.5,2005
CHHATTISGARH,629,2005
CHHATTISGARH,356,2005
CHHATTISGARH,275.6,2005
CHHATTISGARH,441.4,2005
CHHATTISGARH,335.1,2005
CHHATTISGARH,46.8,2005
ANDHRA PRADESH,0,2005
ANDHRA PRADESH,11.2,2005
ANDHRA PRADESH,0.2,2005
ANDHRA PRADESH,0.5,2005
ANDHRA PRADESH,5.1,2005
ANDHRA PRADESH,140.9,2005
ANDHRA PRADESH,193.6,2005
ANDHRA PRADESH,284.1,2005
ANDHRA PRADESH,166.4,2005
ANDHRA PRADESH,0,2005
ANDHRA PRADESH,0,2005
ANDHRA PRADESH,0,2005
TELANGANA,119.9,2005
TELANGANA,45.6,2005
TELANGANA,30.9,2005
TELANGANA,55.8,2005
TELANGANA,533.9,2005
TELANGANA,458.2,2005
TELANGANA,317.3,2005
TELANGANA,369.6,2005
TELANGANA,868.9,2005
TELANGANA,209.7,2005
TELANGANA,300.5,2005
TELANGANA,187.3,2005
RAYALSEEMA,39.4,2005
RAYALSEEMA,0.7,2005
RAYALSEEMA,0.6,2005
RAYALSEEMA,1.1,2005
RAYALSEEMA,1.2,2005
RAYALSEEMA,67.8,2005
RAYALSEEMA,398.9,2005
RAYALSEEMA,351.7,2005
RAYALSEEMA,172.6,2005
RAYALSEEMA,12.7,2005
RAYALSEEMA,3.8,2005
RAYALSEEMA,2.7,2005
TAMIL NADU,1.1,2005
TAMIL NADU,9.6,2005
TAMIL NADU,44,2005
TAMIL NADU,112.8,2005
TAMIL NADU,346.7,2005
TAMIL NADU,286.2,2005
TAMIL NADU,367.8,2005
TAMIL NADU,289.7,2005
TAMIL NADU,229.3,2005
TAMIL NADU,126.3,2005
TAMIL NADU,1,2005
TAMIL NADU,2,2005
KARNATAKA,1.7,2005
KARNATAKA,0.2,2005
KARNATAKA,0.1,2005
KARNATAKA,8.5,2005
KARNATAKA,0.1,2005
KARNATAKA,127.7,2005
KARNATAKA,171.2,2005
KARNATAKA,83.3,2005
KARNATAKA,260.2,2005
KARNATAKA,28.6,2005
KARNATAKA,0,2005
KARNATAKA,0,2005
KARNATAKA,0.2,2005
KARNATAKA,26.6,2005
KARNATAKA,37.7,2005
KARNATAKA,47.9,2005
KARNATAKA,308.6,2005
KARNATAKA,543.2,2005
KARNATAKA,384.6,2005
KARNATAKA,563.3,2005
KARNATAKA,371.5,2005
KARNATAKA,31.2,2005
KARNATAKA,5.3,2005
KARNATAKA,2.4,2005
KARNATAKA,3.1,2005
KARNATAKA,6.2,2005
KARNATAKA,24.4,2005
KARNATAKA,7.5,2005
KARNATAKA,29.8,2005
KARNATAKA,44,2005
KARNATAKA,277.9,2005
KARNATAKA,240.3,2005
KARNATAKA,120.4,2005
KARNATAKA,38.5,2005
KARNATAKA,32.8,2005
KARNATAKA,13.1,2005
KERALA,15.1,2005
KERALA,3.3,2005
KERALA,10.5,2005
KERALA,67.6,2005
KERALA,32.6,2005
KERALA,238.6,2005
KERALA,294.8,2005
KERALA,264,2005
KERALA,237,2005
KERALA,24.7,2005
KERALA,6.2,2005
KERALA,15.6,2005
LAKSHADWEEP,26.3,2005
LAKSHADWEEP,4.7,2005
LAKSHADWEEP,66.3,2005
LAKSHADWEEP,28.1,2005
LAKSHADWEEP,12.8,2005
LAKSHADWEEP,254.6,2005
LAKSHADWEEP,137.2,2005
LAKSHADWEEP,288.9,2005
LAKSHADWEEP,167.5,2005
LAKSHADWEEP,7,2005
LAKSHADWEEP,0,2005
LAKSHADWEEP,0.2,2005
ANDAMAN & NICOBAR ISLANDS,6,2006
ANDAMAN & NICOBAR ISLANDS,0.4,2006
ANDAMAN & NICOBAR ISLANDS,0.6,2006
ANDAMAN & NICOBAR ISLANDS,13.3,2006
ANDAMAN & NICOBAR ISLANDS,15.8,2006
ANDAMAN & NICOBAR ISLANDS,69.5,2006
ANDAMAN & NICOBAR ISLANDS,291.3,2006
ANDAMAN & NICOBAR ISLANDS,41.5,2006
ANDAMAN & NICOBAR ISLANDS,32.1,2006
ANDAMAN & NICOBAR ISLANDS,8.1,2006
ANDAMAN & NICOBAR ISLANDS,4.1,2006
ANDAMAN & NICOBAR ISLANDS,10.8,2006
ARUNACHAL PRADESH,22.6,2006
ARUNACHAL PRADESH,0.9,2006
ARUNACHAL PRADESH,20.2,2006
ARUNACHAL PRADESH,43.4,2006
ARUNACHAL PRADESH,21.3,2006
ARUNACHAL PRADESH,85.5,2006
ARUNACHAL PRADESH,156.7,2006
ARUNACHAL PRADESH,154.5,2006
ARUNACHAL PRADESH,169.1,2006
ARUNACHAL PRADESH,87.9,2006
ARUNACHAL PRADESH,46.9,2006
ARUNACHAL PRADESH,46.9,2006
MEGHALAYA,9.6,2006
MEGHALAYA,68.4,2006
MEGHALAYA,106.2,2006
MEGHALAYA,73,2006
MEGHALAYA,78.5,2006
MEGHALAYA,163.3,2006
MEGHALAYA,242.9,2006
MEGHALAYA,260,2006
MEGHALAYA,120,2006
MEGHALAYA,75.5,2006
MEGHALAYA,1.2,2006
MEGHALAYA,0,2006
MANIPUR,6.9,2006
MANIPUR,5.7,2006
MANIPUR,4.1,2006
MANIPUR,23.6,2006
MANIPUR,55.8,2006
MANIPUR,43,2006
MANIPUR,101.9,2006
MANIPUR,152.9,2006
MANIPUR,121.8,2006
MANIPUR,124.7,2006
MANIPUR,242,2006
MANIPUR,197.4,2006
WEST BENGAL,43.4,2006
WEST BENGAL,5.6,2006
WEST BENGAL,4.3,2006
WEST BENGAL,0,2006
WEST BENGAL,22.6,2006
WEST BENGAL,35.6,2006
WEST BENGAL,139.6,2006
WEST BENGAL,82,2006
WEST BENGAL,30.7,2006
WEST BENGAL,0.5,2006
WEST BENGAL,0.1,2006
WEST BENGAL,0.2,2006
WEST BENGAL,0,2006
WEST BENGAL,3.4,2006
WEST BENGAL,0.6,2006
WEST BENGAL,3.9,2006
WEST BENGAL,89,2006
WEST BENGAL,93.2,2006
WEST BENGAL,130.5,2006
WEST BENGAL,89.5,2006
WEST BENGAL,97.5,2006
WEST BENGAL,152.9,2006
WEST BENGAL,0.3,2006
WEST BENGAL,0,2006
ORISSA,159.5,2006
ORISSA,106.6,2006
ORISSA,90.4,2006
ORISSA,30.4,2006
ORISSA,51.1,2006
ORISSA,95.5,2006
ORISSA,193.7,2006
ORISSA,123.6,2006
ORISSA,73.2,2006
ORISSA,1.4,2006
ORISSA,21,2006
ORISSA,38.2,2006
JHARKHAND,11.7,2006
JHARKHAND,57.8,2006
JHARKHAND,21.5,2006
JHARKHAND,96.3,2006
JHARKHAND,124.5,2006
JHARKHAND,633.8,2006
JHARKHAND,343.2,2006
JHARKHAND,566.5,2006
JHARKHAND,195.8,2006
JHARKHAND,214.2,2006
JHARKHAND,78.1,2006
JHARKHAND,69.1,2006
BIHAR,0.9,2006
BIHAR,0.1,2006
BIHAR,0.3,2006
BIHAR,6.4,2006
BIHAR,22.9,2006
BIHAR,100.2,2006
BIHAR,271.4,2006
BIHAR,126.4,2006
BIHAR,7.7,2006
BIHAR,9.2,2006
BIHAR,0,2006
BIHAR,5.8,2006
UTTAR PRADESH,10.6,2006
UTTAR PRADESH,0,2006
UTTAR PRADESH,11.5,2006
UTTAR PRADESH,100.2,2006
UTTAR PRADESH,366.7,2006
UTTAR PRADESH,358.3,2006
UTTAR PRADESH,317.4,2006
UTTAR PRADESH,429.8,2006
UTTAR PRADESH,420,2006
UTTAR PRADESH,169,2006
UTTAR PRADESH,306.7,2006
UTTAR PRADESH,129.9,2006
UTTAR PRADESH,1.8,2006
UTTAR PRADESH,29.6,2006
UTTAR PRADESH,1.2,2006
UTTAR PRADESH,0.2,2006
UTTAR PRADESH,5.2,2006
UTTAR PRADESH,93.5,2006
UTTAR PRADESH,84.7,2006
UTTAR PRADESH,491.8,2006
UTTAR PRADESH,192.1,2006
UTTAR PRADESH,43.1,2006
UTTAR PRADESH,5.6,2006
UTTAR PRADESH,1.2,2006
UTTARAKHAND,9.5,2006
UTTARAKHAND,41.5,2006
UTTARAKHAND,96.9,2006
UTTARAKHAND,213.8,2006
UTTARAKHAND,235.8,2006
UTTARAKHAND,551.4,2006
UTTARAKHAND,481.2,2006
UTTARAKHAND,290.7,2006
UTTARAKHAND,250,2006
UTTARAKHAND,231.8,2006
UTTARAKHAND,13,2006
UTTARAKHAND,18.6,2006
HARYANA,0,2006
HARYANA,0.4,2006
HARYANA,0,2006
HARYANA,0,2006
HARYANA,0,2006
HARYANA,68.2,2006
HARYANA,402.2,2006
HARYANA,190.7,2006
HARYANA,21.7,2006
HARYANA,3,2006
HARYANA,0,2006
HARYANA,0,2006
PUNJAB,19.9,2006
PUNJAB,11.5,2006
PUNJAB,40.5,2006
PUNJAB,163.5,2006
PUNJAB,287.5,2006
PUNJAB,489.5,2006
PUNJAB,739.5,2006
PUNJAB,356.4,2006
PUNJAB,394.7,2006
PUNJAB,198.4,2006
PUNJAB,9,2006
PUNJAB,4.4,2006
HIMACHAL PRADESH,0.1,2006
HIMACHAL PRADESH,0.1,2006
HIMACHAL PRADESH,0,2006
HIMACHAL PRADESH,4.7,2006
HIMACHAL PRADESH,49,2006
HIMACHAL PRADESH,215.9,2006
HIMACHAL PRADESH,174.2,2006
HIMACHAL PRADESH,354.1,2006
HIMACHAL PRADESH,181.2,2006
HIMACHAL PRADESH,42.1,2006
HIMACHAL PRADESH,8,2006
HIMACHAL PRADESH,0.1,2006
JAMMU & KASHMIR,29.4,2006
JAMMU & KASHMIR,4,2006
JAMMU & KASHMIR,24.3,2006
JAMMU & KASHMIR,20.9,2006
JAMMU & KASHMIR,44.9,2006
JAMMU & KASHMIR,199.4,2006
JAMMU & KASHMIR,410.3,2006
JAMMU & KASHMIR,201,2006
JAMMU & KASHMIR,342.8,2006
JAMMU & KASHMIR,206.9,2006
JAMMU & KASHMIR,12.4,2006
JAMMU & KASHMIR,7.1,2006
RAJASTHAN,74.9,2006
RAJASTHAN,7,2006
RAJASTHAN,7.2,2006
RAJASTHAN,1.9,2006
RAJASTHAN,2.6,2006
RAJASTHAN,144.4,2006
RAJASTHAN,393.2,2006
RAJASTHAN,249.2,2006
RAJASTHAN,246.8,2006
RAJASTHAN,87.2,2006
RAJASTHAN,0,2006
RAJASTHAN,0.2,2006
RAJASTHAN,0.1,2006
RAJASTHAN,0,2006
RAJASTHAN,1.9,2006
RAJASTHAN,19.2,2006
RAJASTHAN,73.2,2006
RAJASTHAN,200,2006
RAJASTHAN,290.7,2006
RAJASTHAN,160.4,2006
RAJASTHAN,285.2,2006
RAJASTHAN,17.6,2006
RAJASTHAN,2.9,2006
RAJASTHAN,1.6,2006
MADHYA PRADESH,0,2006
MADHYA PRADESH,0,2006
MADHYA PRADESH,30.7,2006
MADHYA PRADESH,58,2006
MADHYA PRADESH,67.6,2006
MADHYA PRADESH,132,2006
MADHYA PRADESH,126.8,2006
MADHYA PRADESH,279.7,2006
MADHYA PRADESH,224.1,2006
MADHYA PRADESH,185.4,2006
MADHYA PRADESH,55.3,2006
MADHYA PRADESH,0,2006
MADHYA PRADESH,0.4,2006
MADHYA PRADESH,66.9,2006
MADHYA PRADESH,37.4,2006
MADHYA PRADESH,0.9,2006
MADHYA PRADESH,11,2006
MADHYA PRADESH,88.4,2006
MADHYA PRADESH,155.1,2006
MADHYA PRADESH,152.2,2006
MADHYA PRADESH,57,2006
MADHYA PRADESH,1.8,2006
MADHYA PRADESH,0,2006
MADHYA PRADESH,1.4,2006
GUJARAT,0,2006
GUJARAT,0.5,2006
GUJARAT,0.1,2006
GUJARAT,6,2006
GUJARAT,15.1,2006
GUJARAT,208.2,2006
GUJARAT,83.8,2006
GUJARAT,186.9,2006
GUJARAT,186,2006
GUJARAT,176.9,2006
GUJARAT,35.3,2006
GUJARAT,81.8,2006
GUJARAT,2.4,2006
GUJARAT,0.4,2006
GUJARAT,0.6,2006
GUJARAT,13.4,2006
GUJARAT,72.9,2006
GUJARAT,193.5,2006
GUJARAT,124.3,2006
GUJARAT,174.2,2006
GUJARAT,114.5,2006
GUJARAT,8.4,2006
GUJARAT,5.5,2006
GUJARAT,0.2,2006
GOA,0,2006
GOA,14.8,2006
GOA,161.4,2006
GOA,33.4,2006
GOA,64.3,2006
GOA,850.7,2006
GOA,687.8,2006
GOA,886.3,2006
GOA,383.3,2006
GOA,91.6,2006
GOA,19.3,2006
GOA,13.5,2006
MAHARASHTRA,54.8,2006
MAHARASHTRA,45.9,2006
MAHARASHTRA,43.4,2006
MAHARASHTRA,91.2,2006
MAHARASHTRA,53.5,2006
MAHARASHTRA,45.5,2006
MAHARASHTRA,170.2,2006
MAHARASHTRA,162.6,2006
MAHARASHTRA,172.1,2006
MAHARASHTRA,16.4,2006
MAHARASHTRA,93.1,2006
MAHARASHTRA,7.8,2006
MAHARASHTRA,0.1,2006
MAHARASHTRA,0.1,2006
MAHARASHTRA,27.3,2006
MAHARASHTRA,25.4,2006
MAHARASHTRA,101.3,2006
MAHARASHTRA,101.6,2006
MAHARASHTRA,324.7,2006
MAHARASHTRA,153.2,2006
MAHARASHTRA,247.9,2006
MAHARASHTRA,98.2,2006
MAHARASHTRA,55.7,2006
MAHARASHTRA,22.9,2006
MAHARASHTRA,1.9,2006
MAHARASHTRA,1.7,2006
MAHARASHTRA,0.6,2006
MAHARASHTRA,0.6,2006
MAHARASHTRA,3,2006
MAHARASHTRA,49.5,2006
MAHARASHTRA,129.9,2006
MAHARASHTRA,163.4,2006
MAHARASHTRA,96.5,2006
MAHARASHTRA,0.9,2006
MAHARASHTRA,20.1,2006
MAHARASHTRA,5.2,2006
CHHATTISGARH,18.8,2006
CHHATTISGARH,0,2006
CHHATTISGARH,1.2,2006
CHHATTISGARH,35.6,2006
CHHATTISGARH,79,2006
CHHATTISGARH,318.9,2006
CHHATTISGARH,336.7,2006
CHHATTISGARH,335.1,2006
CHHATTISGARH,161.5,2006
CHHATTISGARH,155.4,2006
CHHATTISGARH,201.5,2006
CHHATTISGARH,81.5,2006
ANDHRA PRADESH,0,2006
ANDHRA PRADESH,1.7,2006
ANDHRA PRADESH,0.1,2006
ANDHRA PRADESH,1.8,2006
ANDHRA PRADESH,3.6,2006
ANDHRA PRADESH,241.5,2006
ANDHRA PRADESH,306.7,2006
ANDHRA PRADESH,343.3,2006
ANDHRA PRADESH,165,2006
ANDHRA PRADESH,0.2,2006
ANDHRA PRADESH,0,2006
ANDHRA PRADESH,0,2006
TELANGANA,57.8,2006
TELANGANA,35.8,2006
TELANGANA,134.2,2006
TELANGANA,403.4,2006
TELANGANA,187.4,2006
TELANGANA,645.8,2006
TELANGANA,638.9,2006
TELANGANA,316,2006
TELANGANA,724.9,2006
TELANGANA,248.1,2006
TELANGANA,22,2006
TELANGANA,26.2,2006
RAYALSEEMA,0.1,2006
RAYALSEEMA,0,2006
RAYALSEEMA,0,2006
RAYALSEEMA,0,2006
RAYALSEEMA,0,2006
RAYALSEEMA,34.4,2006
RAYALSEEMA,178.2,2006
RAYALSEEMA,230.3,2006
RAYALSEEMA,263.8,2006
RAYALSEEMA,7.1,2006
RAYALSEEMA,0,2006
RAYALSEEMA,0,2006
TAMIL NADU,0.2,2006
TAMIL NADU,5.7,2006
TAMIL NADU,19.7,2006
TAMIL NADU,60.3,2006
TAMIL NADU,348.9,2006
TAMIL NADU,206.6,2006
TAMIL NADU,255.9,2006
TAMIL NADU,291.3,2006
TAMIL NADU,241.4,2006
TAMIL NADU,125.6,2006
TAMIL NADU,0.3,2006
TAMIL NADU,1.2,2006
KARNATAKA,1.8,2006
KARNATAKA,5.4,2006
KARNATAKA,0.1,2006
KARNATAKA,0.1,2006
KARNATAKA,18.5,2006
KARNATAKA,1028.3,2006
KARNATAKA,1478.5,2006
KARNATAKA,497.6,2006
KARNATAKA,340.7,2006
KARNATAKA,149.3,2006
KARNATAKA,2.1,2006
KARNATAKA,1.5,2006
KARNATAKA,0.9,2006
KARNATAKA,42.2,2006
